feature_id,primary_component
feature_1,Component 1
feature_2,Component 1
feature_3,Component 1
feature_4,Component 1
feature_5,Component 1
feature_6,Component 1
feature_7,Component 1
feature_8,Component 1
feature_9,Component 1
feature_10,Component 1
feature_11,Component 1
feature_12,Component 1
feature_13,Component 1
feature_14,Component 1
feature_15,Component 1
feature_16,Component 1
feature_17,Component 1
feature_18,Component 1
feature_19,Component 1
feature_20,Component 1
feature_21,Component 2
feature_22,Component 2
feature_23,Component 2
feature_24,Component 2
feature_25,Component 2
feature_26,Component 2
feature_27,Component 2
feature_28,Component 2
feature_29,Component 2
feature_30,Component 2
feature_31,Component 2
feature_32,Component 2
feature_33,Component 2
feature_34,Component 2
feature_35,Component 2
feature_36,Component 2
feature_37,Component 2
feature_38,Component 2
feature_39,Component 2
feature_40,Component 2
feature_41,Component 3
feature_42,Component 2
feature_43,Component 2
feature_44,Component 2
feature_45,Component 2
feature_46,Component 3
feature_47,Component 3
feature_48,Component 3
feature_49,Component 3
feature_50,Component 3
feature_51,Component 3
feature_52,Component 3
feature_53,Component 3
feature_54,Component 3
feature_55,Component 3
feature_56,Component 3
feature_57,Component 3
feature_58,Component 3
feature_59,Component 3
feature_60,Component 3
