"sample_id","original_sample","ALL_AML","cell_type"
"sample_1","ALL_19769_B-cell","ALL","B-cell"
"sample_2","ALL_23953_B-cell","ALL","B-cell"
"sample_3","ALL_28373_B-cell","ALL","B-cell"
"sample_4","ALL_9335_B-cell","ALL","B-cell"
"sample_5","ALL_9692_B-cell","ALL","B-cell"
"sample_6","ALL_14749_B-cell","ALL","B-cell"
"sample_7","ALL_17281_B-cell","ALL","B-cell"
"sample_8","ALL_19183_B-cell","ALL","B-cell"
"sample_9","ALL_20414_B-cell","ALL","B-cell"
"sample_10","ALL_21302_B-cell","ALL","B-cell"
"sample_11","ALL_549_B-cell","ALL","B-cell"
"sample_12","ALL_17929_B-cell","ALL","B-cell"
"sample_13","ALL_20185_B-cell","ALL","B-cell"
"sample_14","ALL_11103_B-cell","ALL","B-cell"
"sample_15","ALL_18239_B-cell","ALL","B-cell"
"sample_16","ALL_5982_B-cell","ALL","B-cell"
"sample_17","ALL_7092_B-cell","ALL","B-cell"
"sample_18","ALL_R11_B-cell","ALL","B-cell"
"sample_19","ALL_R23_B-cell","ALL","B-cell"
"sample_20","ALL_16415_T-cell","ALL","T-cell"
"sample_21","ALL_19881_T-cell","ALL","T-cell"
"sample_22","ALL_9186_T-cell","ALL","T-cell"
"sample_23","ALL_9723_T-cell","ALL","T-cell"
"sample_24","ALL_17269_T-cell","ALL","T-cell"
"sample_25","ALL_14402_T-cell","ALL","T-cell"
"sample_26","ALL_17638_T-cell","ALL","T-cell"
"sample_27","ALL_22474_T-cell","ALL","T-cell"
"sample_28","AML_12","AML",""
"sample_29","AML_13","AML",""
"sample_30","AML_14","AML",""
"sample_31","AML_16","AML",""
"sample_32","AML_20","AML",""
"sample_33","AML_1","AML",""
"sample_34","AML_2","AML",""
"sample_35","AML_3","AML",""
"sample_36","AML_5","AML",""
"sample_37","AML_6","AML",""
"sample_38","AML_7","AML",""
