sample_id,component_1,component_2,component_3
sample_001,0.8288354180841413,0.5390911042105468,3.637711425972449
sample_002,0.9125713882199578,0.7894151210368101,5.173289233493073
sample_003,0.27460962508449205,5.843112624614318,0.8832045884825892
sample_004,0.2241340145734081,0.39737907470449124,5.578965851949465
sample_005,4.384966000990399,0.8182124002154916,0.7571873803837459
sample_006,3.9636241506354892,0.9774716806014407,0.9367551155544342
sample_007,0.2772947043252783,3.1561973731829034,0.8356603683880497
sample_008,0.9362934254285988,5.473855129884711,0.7086150262175741
sample_009,3.144847843936872,0.4640577490602971,0.5182502290602304
sample_010,5.414243190348053,0.8967251127457059,0.9401573094781219
sample_011,0.9716123868201338,0.7702155581354968,5.367068749699266
sample_012,0.9140861190327703,0.6782741442058349,4.430007951637982
sample_013,0.841364782464056,4.192324528057892,0.988798120634548
sample_014,5.710720447359499,0.51880549416867,0.8709668844651386
sample_015,3.444248628161204,0.6586229682269966,0.4997811065313978
sample_016,0.4296092545913955,5.998289067576595,0.304611473708843
sample_017,3.897465070956274,0.9434405887066768,0.8126322852755976
sample_018,1.6437343191143985,2.0491251771067036,2.872802595003782
sample_019,3.68425174743217,2.1197746786287226,2.6954983210373458
sample_020,5.259772082706036,0.9817648686663378,0.3491330374455157
sample_021,3.6607198920035104,0.3741090478296955,0.22497639149821202
sample_022,0.4798544693894572,0.5564479098251374,5.237893365506277
sample_023,0.8516518433245672,5.101352817849504,0.8706449802750871
sample_024,0.9525439910334716,0.4624675949308432,3.4099120499409183
sample_025,5.61948357871329,0.7986586071928312,0.8585326475071675
sample_026,0.49626788426306256,0.4622175043678398,3.690238448958273
sample_027,0.5447332962952514,0.24171991583284058,3.358096679675198
sample_028,3.8581598489283,3.3324000342383324,1.6009752349768436
sample_029,0.8857413886305117,0.6793793764113543,5.0777236201581655
sample_030,0.6192433872792644,5.304284287865628,0.35695146322556814
sample_031,1.2706473533536673,5.136868721837787,0.8228862166261227
sample_032,0.9955398160865763,5.691764665660646,0.5677420268995383
sample_033,0.5467434114610557,4.216217799160477,0.22933835534345173
sample_034,3.9234635270928746,0.4704341447782394,0.8372560497715689
sample_035,0.3512308915995219,0.21687452306628352,5.502032380706523
sample_036,0.2535822969644202,0.7147635140956918,3.1424144754818206
sample_037,0.8833804257845939,3.2955758750386672,0.8203335676858863
sample_038,0.9648015318303509,0.7890231279216449,5.123222813662578
sample_039,0.2726936774369046,0.28792249391707525,5.415880377448753
sample_040,0.4931511407822181,5.664772903491554,0.3890699568201914
sample_041,2.2669733318956493,3.0303362211853577,2.313248230385839
sample_042,4.198409248407919,0.6311460358431394,0.22016468107064943
sample_043,0.9950782781749423,4.336388605107446,0.7719474093914851
sample_044,0.22562157039091524,4.690116732797666,0.5425635097048823
sample_045,0.5911880292896963,4.35680855435123,0.2864193083394958
sample_046,0.26241330237300586,3.708919686381796,0.3183598962029849
sample_047,0.8880926084285735,2.176947435348461,4.594107796140243
sample_048,3.1632131349186126,0.856117733797262,2.398668625122504
sample_049,0.23106949029804247,0.2588978287347842,3.72122248576725
sample_050,0.6689541730553321,0.7636843518360119,4.603465256425745
sample_051,0.6787674594635288,3.418041614388968,0.6701421146195738
sample_052,0.8963427875784193,5.864081419229294,0.306260287067734
sample_053,5.7567832644695125,0.7971281606660376,0.3717530570004942
sample_054,5.155931551308279,0.4473549174545148,0.6108566650011872
sample_055,3.8876223697065004,0.5216200341437938,0.46018231542470156
sample_056,1.980271582876329,2.473161872766437,5.364675534710982
sample_057,0.954081396056101,0.533900195795408,5.429301859566465
sample_058,5.455874506341684,1.147577330277603,0.8152655461377735
sample_059,3.5470791200051184,0.4548053879355132,0.5280099434104235
sample_060,4.212293539430767,0.9153409151823249,0.37426514340932304
sample_061,0.966755208432668,0.30380789724036683,5.126376788910001
sample_062,0.3499474266206596,4.160348548647299,0.4862158178740459
sample_063,0.4899900374750541,0.6775214449102447,5.110478708885093
sample_064,0.7286328507657605,4.349428492423758,0.5816356559658773
sample_065,0.9648796056438305,4.669611747016792,0.2404699485670473
sample_066,0.553499410273247,3.2368220676776653,0.2587976833458203
sample_067,3.590172157971287,0.5829186833576976,0.989710142630934
sample_068,1.2483537701674634,2.0785710830343356,3.7140504489723796
sample_069,3.50424663869771,2.6979150941585073,1.8595562128599339
sample_070,0.9634714485635429,0.5289527607315456,4.48903817006749
sample_071,0.7890393561414946,5.194807876986995,0.9203737859725043
sample_072,0.7405512687885338,5.958512558285198,0.7094483359074883
sample_073,0.8209127608165978,0.6841402145740232,3.021545123206434
sample_074,0.590552403006985,4.504229774722333,0.6188856469354049
sample_075,0.49954200360465184,5.4619504916000885,0.21766392510802204
sample_076,0.5645931477072313,0.9357424616519456,4.7964875820145245
sample_077,5.141780929522148,0.6416827446855745,0.8194782196338741
sample_078,0.6256457819950889,4.52968017392469,0.926600553047713
sample_079,3.116824844920375,0.2828548966161332,0.7722353140528153
sample_080,0.3050597537503034,5.677382137074057,0.33291701299888965
sample_081,5.243635445632695,0.4342557174284921,0.30961147117835347
sample_082,0.8635103439242058,4.187931186080837,0.4153107470568915
sample_083,5.7479188140619755,0.32679974368560016,0.5266725082498507
sample_084,3.8177282180680465,0.8578919827303546,0.20865334506584585
sample_085,4.056724035350668,0.6148443796832163,0.5073329445601398
sample_086,0.3599495690818022,0.28875823350856067,5.9304723888642865
sample_087,0.5751004843827228,4.733272411527521,0.2781280225166516
sample_088,0.6689400768025279,4.338564811617745,1.2960769293682013
sample_089,0.3478050714482057,0.7692836827222655,5.865418405506725
sample_090,0.4168655558197256,5.840407444227232,0.8631334850147152
sample_091,0.9718376004941243,4.414572752435326,0.9926585130493739
sample_092,0.6324803333832105,5.164500761633661,0.8688960106885273
sample_093,0.8878777744564113,4.56333604116187,0.2665045206002261
sample_094,3.0988906490866004,0.9263048132863445,0.3675435510883654
sample_095,4.720183544028976,0.5879841813235045,0.3785447347362456
sample_096,5.912817948893682,0.4130140233253175,0.7629648041007617
sample_097,5.7358453845387585,0.8492901925318258,2.3872617191322365
sample_098,0.5648725530564958,5.9577863139449905,0.3285106335814292
sample_099,0.35705783371218214,0.2632181458037348,3.225807519617619
sample_100,0.6812634410072735,0.791929828633519,3.1856402946013067
sample_101,5.320158576401438,0.21062992328435312,0.8802904814044221
sample_102,0.27317087914306,0.6400447841633334,3.019093137225802
sample_103,3.198074775860961,0.9584858445053293,0.7207519147458674
sample_104,5.166652875497867,0.5235759933885755,0.2749664365807708
sample_105,0.5950812499027749,0.5021122914992177,5.963962237935168
sample_106,0.2898459596903374,0.2015098435610475,4.360891195948756
sample_107,0.30066757952022727,0.3186458525615712,5.496675715861738
sample_108,0.5057980239745454,5.143119468230724,0.3196549461176889
sample_109,4.816588669158385,0.3477291700468375,0.8357064572352668
sample_110,5.682469648862591,0.7121308021967463,0.7011146752328701
sample_111,0.8571906492825503,2.834279513021728,3.435309321987072
sample_112,3.8570936253042345,4.339687780615099,1.1623794056186436
sample_113,0.3667393272802256,0.6582503883301529,4.165567692182568
sample_114,5.366544061557168,0.6341930385988923,0.4768105374851578
sample_115,0.5102652615980809,5.509748676823431,0.5652455947603998
sample_116,5.742701750027388,0.8284515105544235,0.7881707477007758
sample_117,0.672648886601978,4.884970260567747,0.2707223383596823
sample_118,2.9598975051790415,1.9035392697570193,1.8497072056667587
sample_119,1.489619532255503,1.412699248310432,3.544209583234918
sample_120,0.8158058528621388,0.5911425835941021,4.238154279675506
sample_121,1.8272304914108568,4.4347240360060916,2.415702034577198
sample_122,0.21237445688615786,0.36969140338636947,3.7053868456708483
sample_123,4.456431689308388,0.8511356474689082,0.23861616199363056
sample_124,0.6534222377470733,0.2545094145909779,5.896138696750365
sample_125,0.9806952815418679,3.793227103107518,0.5831792867290169
sample_126,0.9676965528491726,2.157676315263778,4.333741976118414
sample_127,4.182931882700737,0.42713510818484623,0.7968055165629815
sample_128,4.871439104394063,0.6023120343599807,0.6334247945248404
sample_129,5.271298253174399,0.59399937139029,0.8685814366520772
sample_130,0.9035585735302989,3.866556818474194,0.7955312178123259
sample_131,1.6904325542584224,3.439077126999736,2.049343763574168
sample_132,0.2706472029019371,4.855362801552607,0.774749770820164
sample_133,0.33820050506368815,0.9628018849879467,4.793855296227798
sample_134,0.7154255591716594,0.8087633814009083,3.4754207334723537
sample_135,0.3184259108375884,5.88784016321932,0.560373996550983
sample_136,2.8236839670207496,2.504314235633373,3.737646046059334
sample_137,3.5511604618188963,0.8483793229600611,0.5063336819184088
sample_138,0.5015944067639873,0.44217923292901756,3.8218307799179727
sample_139,3.7643892937827106,0.45208045590680995,0.672501075209802
sample_140,3.353567569863239,3.101088479301133,1.8536033615068679
sample_141,0.2849564510957845,3.8360018336108626,0.7725010749789893
sample_142,5.169772389705817,0.21168847829243154,0.7354142895205846
sample_143,0.3433379985307335,0.9563142216833755,5.945668754748146
sample_144,0.3443312434905546,0.5329735381408431,5.613375862606396
sample_145,3.123164473531618,0.4976486576405541,0.22685089962054122
sample_146,0.6416783341398047,0.36496619276089953,3.726486531573399
sample_147,0.37879514115332635,0.2823276733252768,5.210810168031488
sample_148,0.6389803880823164,0.9613947205720625,5.177861702866109
sample_149,0.9301729586511922,5.0618166366409,0.9932000130072034
sample_150,3.368388897787345,0.22734236145275688,0.662424268335514
sample_151,3.284104130924926,1.781683758246594,3.6824025505342175
sample_152,4.971274659844341,0.7904041958375814,0.6492176629272097
sample_153,4.899761272356507,0.3220583915454805,0.7730282312797889
sample_154,1.0039770178033078,1.7502764637067387,6.068612216791118
sample_155,0.7693196617109062,4.940454285789522,0.8038404436909483
sample_156,0.5251545176770251,0.4000730648792072,3.613930366043075
sample_157,0.5293256375877555,0.6870841601649396,4.896933100705045
sample_158,0.8247161810434032,3.7507128817514492,0.32498808478816543
sample_159,2.4698607711157505,3.883013808167898,1.193051473075469
sample_160,0.6088124381215814,0.9439253214724044,5.172140060036581
sample_161,3.1015155615834886,0.7060807355224916,0.30360746063877164
sample_162,4.630424541038293,3.3369143902233533,1.3279811616106372
sample_163,0.9889039676868769,3.6005408029341663,2.6582660560946354
sample_164,2.497399300420483,2.7008709254934393,2.4531254780709464
sample_165,0.936694168730783,4.591457626076533,0.4952803972882793
sample_166,0.32989587109094104,5.310532869752207,0.29808141961111745
sample_167,0.6237788938026618,4.754704573561285,0.3847061460026384
sample_168,0.9341435230329482,0.7060165377037921,3.153662046223781
sample_169,1.1515989400909532,3.3479331047154988,2.210111734177059
sample_170,1.6064154905462182,3.349605363705775,4.677042314404881
sample_171,0.5483222890754714,0.9680894926873067,4.122012003840043
sample_172,0.34053182695511575,0.6061941954942436,3.4096891836072865
sample_173,3.8343480141354163,0.8000712279380049,0.40069942008880893
sample_174,0.9994578257474045,0.8772717906799437,3.1382603618541554
sample_175,0.64422316491734,0.38895598687659644,5.1493989575059125
sample_176,3.8955940903143995,0.6084873037030506,0.7012387048903925
sample_177,0.4162671117230752,5.083193720502273,0.5162884593282777
sample_178,3.8247433442084273,0.8303661666968243,0.5223719420842334
sample_179,0.682097260729468,4.357145555776511,0.703324412944224
sample_180,5.248496086529454,0.3576532509467771,0.586783926559844
