sample_id,feature_1,feature_2,feature_3,feature_4,feature_5,feature_6,feature_7,feature_8,feature_9,feature_10,feature_11,feature_12,feature_13,feature_14,feature_15,feature_16,feature_17,feature_18,feature_19,feature_20,feature_21,feature_22,feature_23,feature_24,feature_25,feature_26,feature_27,feature_28,feature_29,feature_30,feature_31,feature_32,feature_33,feature_34,feature_35,feature_36,feature_37,feature_38,feature_39,feature_40,feature_41,feature_42,feature_43,feature_44,feature_45,feature_46,feature_47,feature_48,feature_49,feature_50,feature_51,feature_52,feature_53,feature_54,feature_55,feature_56,feature_57,feature_58,feature_59,feature_60
sample_001,6.0,5.0,4.0,5.0,3.0,2.0,4.0,7.0,4.0,6.0,3.0,5.0,7.0,10.0,2.0,5.0,4.0,5.0,6.0,1.0,5.0,4.0,8.0,8.0,5.0,3.0,5.0,2.0,5.0,7.0,5.0,6.0,5.0,3.0,5.0,5.0,2.0,4.0,3.0,5.0,24.0,16.0,20.0,24.0,17.0,22.0,21.0,14.0,16.0,18.0,20.0,16.0,17.0,20.0,13.0,21.0,21.0,20.0,17.0,16.0
sample_002,5.0,4.0,12.0,4.0,9.0,4.0,3.0,6.0,11.0,5.0,4.0,11.0,5.0,7.0,8.0,5.0,5.0,5.0,6.0,1.0,9.0,6.0,9.0,9.0,2.0,6.0,3.0,3.0,2.0,6.0,11.0,4.0,5.0,8.0,8.0,8.0,3.0,7.0,6.0,7.0,33.0,30.0,28.0,32.0,23.0,34.0,32.0,30.0,26.0,19.0,40.0,14.0,33.0,22.0,26.0,26.0,31.0,16.0,34.0,25.0
sample_003,2.0,3.0,3.0,3.0,5.0,1.0,1.0,3.0,2.0,1.0,3.0,2.0,3.0,2.0,2.0,1.0,0.0,4.0,3.0,0.0,28.0,22.0,23.0,29.0,26.0,26.0,26.0,18.0,26.0,21.0,42.0,33.0,28.0,29.0,30.0,36.0,25.0,34.0,23.0,30.0,33.0,28.0,35.0,37.0,34.0,7.0,1.0,4.0,4.0,1.0,4.0,8.0,13.0,4.0,4.0,6.0,9.0,7.0,7.0,5.0
sample_004,2.0,1.0,2.0,3.0,2.0,0.0,1.0,1.0,1.0,5.0,4.0,1.0,1.0,1.0,2.0,3.0,5.0,3.0,1.0,4.0,3.0,3.0,7.0,1.0,2.0,5.0,3.0,3.0,3.0,4.0,0.0,4.0,0.0,0.0,5.0,2.0,1.0,6.0,5.0,3.0,23.0,28.0,27.0,27.0,15.0,26.0,27.0,27.0,21.0,14.0,37.0,18.0,27.0,27.0,35.0,27.0,42.0,23.0,28.0,23.0
sample_005,26.0,15.0,36.0,27.0,29.0,16.0,12.0,20.0,14.0,25.0,17.0,22.0,21.0,20.0,16.0,21.0,17.0,33.0,16.0,16.0,18.0,14.0,22.0,24.0,15.0,4.0,5.0,2.0,6.0,7.0,3.0,5.0,0.0,5.0,5.0,4.0,3.0,4.0,4.0,4.0,12.0,8.0,7.0,14.0,7.0,6.0,10.0,10.0,2.0,3.0,4.0,6.0,6.0,3.0,8.0,8.0,7.0,7.0,4.0,3.0
sample_006,24.0,10.0,30.0,21.0,24.0,15.0,12.0,19.0,17.0,17.0,21.0,27.0,13.0,21.0,22.0,24.0,17.0,18.0,22.0,19.0,14.0,16.0,23.0,26.0,11.0,11.0,1.0,5.0,4.0,8.0,6.0,4.0,11.0,6.0,6.0,9.0,2.0,10.0,6.0,7.0,11.0,13.0,10.0,7.0,12.0,9.0,9.0,6.0,4.0,3.0,8.0,2.0,5.0,6.0,4.0,5.0,8.0,8.0,11.0,11.0
sample_007,3.0,3.0,1.0,1.0,2.0,0.0,2.0,4.0,4.0,5.0,0.0,3.0,3.0,3.0,2.0,1.0,0.0,0.0,7.0,3.0,11.0,20.0,11.0,22.0,13.0,16.0,10.0,18.0,8.0,13.0,14.0,16.0,11.0,14.0,18.0,16.0,10.0,20.0,12.0,16.0,20.0,31.0,21.0,21.0,17.0,3.0,4.0,5.0,6.0,4.0,3.0,4.0,3.0,3.0,2.0,3.0,6.0,4.0,9.0,6.0
sample_008,7.0,7.0,6.0,10.0,3.0,2.0,3.0,2.0,6.0,6.0,8.0,6.0,6.0,4.0,7.0,8.0,7.0,13.0,6.0,5.0,27.0,34.0,24.0,46.0,16.0,20.0,21.0,23.0,23.0,13.0,24.0,33.0,18.0,29.0,31.0,37.0,15.0,30.0,33.0,29.0,30.0,24.0,28.0,37.0,38.0,5.0,7.0,6.0,3.0,7.0,4.0,4.0,5.0,5.0,4.0,3.0,3.0,1.0,5.0,6.0
sample_009,13.0,14.0,14.0,17.0,32.0,17.0,7.0,9.0,12.0,12.0,21.0,22.0,13.0,19.0,15.0,12.0,15.0,11.0,16.0,12.0,8.0,10.0,14.0,29.0,14.0,4.0,1.0,3.0,2.0,1.0,2.0,4.0,0.0,5.0,4.0,4.0,2.0,2.0,3.0,1.0,10.0,9.0,2.0,9.0,9.0,3.0,0.0,5.0,7.0,2.0,3.0,1.0,1.0,6.0,1.0,3.0,3.0,3.0,4.0,2.0
sample_010,19.0,29.0,30.0,31.0,26.0,24.0,16.0,33.0,31.0,24.0,19.0,26.0,20.0,24.0,22.0,34.0,21.0,35.0,28.0,17.0,26.0,28.0,29.0,34.0,22.0,4.0,6.0,5.0,2.0,4.0,3.0,5.0,4.0,4.0,7.0,4.0,2.0,6.0,3.0,5.0,11.0,9.0,6.0,15.0,9.0,7.0,7.0,3.0,8.0,2.0,9.0,1.0,9.0,8.0,7.0,8.0,5.0,5.0,6.0,2.0
sample_011,5.0,4.0,10.0,8.0,6.0,3.0,2.0,4.0,8.0,6.0,2.0,1.0,4.0,3.0,7.0,4.0,12.0,4.0,7.0,1.0,9.0,7.0,14.0,14.0,7.0,6.0,8.0,6.0,1.0,5.0,2.0,9.0,1.0,7.0,5.0,5.0,3.0,5.0,8.0,7.0,34.0,25.0,22.0,32.0,28.0,24.0,25.0,31.0,23.0,15.0,33.0,13.0,16.0,29.0,26.0,21.0,31.0,25.0,31.0,25.0
sample_012,4.0,5.0,6.0,10.0,9.0,3.0,2.0,7.0,3.0,5.0,4.0,4.0,3.0,6.0,4.0,3.0,5.0,3.0,5.0,4.0,8.0,6.0,14.0,13.0,6.0,1.0,3.0,9.0,1.0,5.0,6.0,1.0,3.0,4.0,3.0,3.0,3.0,2.0,2.0,5.0,10.0,21.0,33.0,26.0,27.0,28.0,24.0,24.0,20.0,15.0,29.0,18.0,11.0,27.0,28.0,23.0,35.0,24.0,24.0,19.0
sample_013,4.0,6.0,1.0,6.0,8.0,2.0,4.0,6.0,4.0,6.0,7.0,3.0,4.0,3.0,6.0,3.0,2.0,5.0,4.0,3.0,22.0,23.0,29.0,35.0,15.0,10.0,28.0,17.0,14.0,21.0,24.0,22.0,18.0,16.0,15.0,14.0,11.0,17.0,8.0,19.0,25.0,25.0,26.0,36.0,31.0,7.0,6.0,5.0,4.0,3.0,5.0,5.0,3.0,5.0,4.0,2.0,5.0,5.0,5.0,8.0
sample_014,34.0,35.0,25.0,29.0,33.0,22.0,17.0,32.0,29.0,34.0,31.0,19.0,24.0,20.0,26.0,42.0,23.0,31.0,25.0,17.0,23.0,32.0,31.0,40.0,33.0,3.0,4.0,8.0,5.0,2.0,4.0,3.0,2.0,5.0,4.0,6.0,5.0,10.0,4.0,5.0,6.0,6.0,10.0,15.0,6.0,5.0,8.0,8.0,4.0,1.0,7.0,3.0,4.0,6.0,6.0,6.0,5.0,6.0,8.0,4.0
sample_015,19.0,26.0,14.0,14.0,24.0,16.0,13.0,19.0,9.0,19.0,17.0,11.0,12.0,15.0,15.0,16.0,19.0,20.0,16.0,8.0,16.0,9.0,15.0,22.0,7.0,9.0,3.0,5.0,3.0,1.0,6.0,6.0,3.0,6.0,4.0,8.0,1.0,4.0,0.0,1.0,11.0,2.0,6.0,6.0,5.0,2.0,3.0,1.0,6.0,1.0,3.0,2.0,3.0,3.0,2.0,3.0,3.0,1.0,3.0,2.0
sample_016,4.0,3.0,1.0,8.0,5.0,1.0,3.0,3.0,2.0,3.0,10.0,4.0,1.0,2.0,2.0,4.0,4.0,3.0,5.0,1.0,22.0,27.0,31.0,29.0,30.0,18.0,31.0,17.0,23.0,30.0,44.0,20.0,25.0,31.0,23.0,33.0,17.0,26.0,32.0,40.0,27.0,36.0,31.0,37.0,27.0,3.0,4.0,3.0,3.0,2.0,4.0,3.0,1.0,2.0,1.0,6.0,2.0,1.0,4.0,0.0
sample_017,21.0,19.0,23.0,27.0,20.0,15.0,7.0,17.0,15.0,19.0,28.0,20.0,12.0,17.0,14.0,10.0,8.0,20.0,13.0,11.0,24.0,20.0,20.0,26.0,15.0,2.0,7.0,5.0,4.0,12.0,5.0,6.0,2.0,5.0,3.0,8.0,5.0,9.0,6.0,5.0,15.0,8.0,9.0,10.0,9.0,8.0,4.0,2.0,4.0,1.0,3.0,2.0,5.0,7.0,6.0,2.0,5.0,2.0,2.0,2.0
sample_018,7.0,12.0,15.0,7.0,8.0,5.0,10.0,12.0,4.0,6.0,11.0,9.0,13.0,12.0,5.0,9.0,5.0,12.0,11.0,9.0,18.0,21.0,17.0,20.0,12.0,13.0,7.0,9.0,5.0,6.0,15.0,15.0,11.0,11.0,13.0,14.0,11.0,13.0,7.0,17.0,23.0,19.0,24.0,24.0,21.0,13.0,13.0,30.0,11.0,12.0,15.0,14.0,12.0,12.0,18.0,16.0,21.0,10.0,17.0,11.0
sample_019,16.0,21.0,15.0,29.0,25.0,18.0,7.0,19.0,19.0,21.0,12.0,22.0,19.0,20.0,12.0,22.0,23.0,13.0,21.0,15.0,28.0,22.0,23.0,40.0,24.0,8.0,14.0,7.0,6.0,12.0,12.0,8.0,13.0,14.0,10.0,9.0,14.0,7.0,11.0,9.0,28.0,16.0,23.0,23.0,25.0,14.0,14.0,18.0,20.0,4.0,16.0,13.0,12.0,16.0,11.0,13.0,23.0,16.0,18.0,14.0
sample_020,23.0,28.0,34.0,23.0,31.0,21.0,15.0,17.0,19.0,34.0,24.0,19.0,19.0,19.0,26.0,26.0,21.0,25.0,25.0,18.0,23.0,25.0,20.0,37.0,17.0,5.0,4.0,5.0,5.0,12.0,6.0,6.0,7.0,5.0,5.0,10.0,2.0,6.0,8.0,8.0,4.0,9.0,12.0,9.0,6.0,2.0,8.0,4.0,0.0,4.0,5.0,2.0,4.0,2.0,3.0,2.0,4.0,4.0,6.0,3.0
sample_021,15.0,14.0,16.0,24.0,15.0,14.0,9.0,15.0,8.0,15.0,19.0,22.0,11.0,15.0,15.0,28.0,18.0,15.0,22.0,12.0,26.0,17.0,25.0,16.0,8.0,2.0,7.0,1.0,3.0,6.0,3.0,6.0,2.0,4.0,3.0,4.0,1.0,4.0,2.0,1.0,8.0,8.0,2.0,4.0,2.0,2.0,0.0,1.0,1.0,0.0,1.0,1.0,3.0,2.0,6.0,0.0,4.0,2.0,2.0,2.0
sample_022,4.0,5.0,2.0,2.0,2.0,1.0,3.0,5.0,4.0,2.0,4.0,4.0,2.0,10.0,1.0,2.0,4.0,1.0,6.0,4.0,5.0,6.0,6.0,8.0,4.0,5.0,4.0,4.0,5.0,5.0,3.0,5.0,3.0,5.0,2.0,5.0,1.0,4.0,2.0,5.0,28.0,28.0,29.0,30.0,21.0,38.0,18.0,27.0,27.0,14.0,38.0,23.0,19.0,30.0,25.0,23.0,29.0,28.0,17.0,23.0
sample_023,4.0,0.0,6.0,2.0,6.0,2.0,4.0,6.0,3.0,2.0,7.0,5.0,1.0,1.0,4.0,9.0,4.0,5.0,6.0,9.0,23.0,32.0,21.0,40.0,20.0,13.0,35.0,15.0,22.0,19.0,31.0,23.0,30.0,25.0,25.0,21.0,14.0,27.0,17.0,36.0,28.0,31.0,29.0,34.0,29.0,13.0,4.0,5.0,10.0,3.0,7.0,4.0,2.0,7.0,6.0,6.0,7.0,3.0,6.0,9.0
sample_024,3.0,7.0,7.0,12.0,10.0,6.0,5.0,5.0,5.0,10.0,6.0,5.0,4.0,9.0,6.0,5.0,4.0,5.0,3.0,8.0,7.0,6.0,6.0,12.0,4.0,1.0,3.0,1.0,2.0,3.0,3.0,6.0,3.0,4.0,5.0,5.0,5.0,2.0,0.0,1.0,26.0,19.0,20.0,18.0,15.0,18.0,14.0,18.0,10.0,14.0,21.0,14.0,12.0,12.0,19.0,16.0,18.0,18.0,13.0,10.0
sample_025,31.0,40.0,23.0,29.0,37.0,26.0,13.0,25.0,20.0,29.0,22.0,27.0,19.0,31.0,26.0,29.0,22.0,30.0,29.0,19.0,20.0,20.0,20.0,41.0,17.0,6.0,1.0,7.0,3.0,5.0,7.0,7.0,1.0,9.0,8.0,5.0,3.0,5.0,4.0,5.0,6.0,8.0,14.0,12.0,10.0,8.0,5.0,6.0,3.0,2.0,7.0,5.0,3.0,9.0,2.0,5.0,8.0,2.0,6.0,9.0
sample_026,0.0,4.0,6.0,5.0,3.0,2.0,5.0,5.0,7.0,10.0,2.0,3.0,0.0,3.0,1.0,5.0,3.0,4.0,2.0,3.0,4.0,4.0,4.0,3.0,2.0,5.0,6.0,1.0,5.0,4.0,3.0,4.0,5.0,2.0,3.0,4.0,1.0,5.0,3.0,4.0,23.0,23.0,23.0,32.0,16.0,23.0,20.0,29.0,16.0,14.0,24.0,18.0,12.0,19.0,20.0,13.0,21.0,9.0,24.0,17.0
sample_027,4.0,2.0,3.0,4.0,4.0,2.0,0.0,4.0,3.0,10.0,2.0,3.0,1.0,2.0,4.0,0.0,2.0,2.0,2.0,1.0,3.0,6.0,4.0,3.0,2.0,3.0,0.0,5.0,0.0,3.0,1.0,2.0,1.0,1.0,3.0,4.0,3.0,3.0,0.0,0.0,16.0,17.0,14.0,23.0,20.0,20.0,10.0,15.0,18.0,16.0,21.0,23.0,14.0,17.0,9.0,18.0,21.0,13.0,19.0,15.0
sample_028,21.0,15.0,15.0,26.0,30.0,17.0,18.0,24.0,21.0,18.0,14.0,20.0,12.0,22.0,29.0,19.0,17.0,19.0,18.0,18.0,25.0,20.0,34.0,51.0,21.0,15.0,15.0,3.0,9.0,17.0,21.0,15.0,13.0,14.0,14.0,22.0,9.0,16.0,15.0,20.0,19.0,26.0,20.0,27.0,30.0,8.0,9.0,13.0,9.0,3.0,5.0,6.0,12.0,19.0,12.0,13.0,12.0,9.0,15.0,8.0
sample_029,1.0,5.0,6.0,6.0,9.0,6.0,6.0,2.0,3.0,4.0,4.0,5.0,6.0,5.0,7.0,9.0,7.0,4.0,7.0,2.0,8.0,12.0,9.0,13.0,3.0,4.0,4.0,7.0,0.0,4.0,4.0,3.0,5.0,2.0,5.0,3.0,3.0,6.0,4.0,8.0,36.0,31.0,23.0,29.0,23.0,25.0,28.0,28.0,27.0,16.0,24.0,12.0,30.0,24.0,22.0,22.0,32.0,19.0,40.0,28.0
sample_030,5.0,7.0,5.0,6.0,2.0,4.0,5.0,3.0,3.0,5.0,1.0,7.0,2.0,3.0,3.0,7.0,6.0,6.0,5.0,2.0,12.0,28.0,34.0,26.0,16.0,16.0,18.0,25.0,11.0,31.0,34.0,35.0,18.0,32.0,28.0,21.0,19.0,24.0,19.0,28.0,28.0,15.0,26.0,32.0,26.0,2.0,6.0,4.0,1.0,0.0,2.0,0.0,4.0,5.0,0.0,3.0,4.0,1.0,3.0,2.0
sample_031,9.0,9.0,6.0,10.0,6.0,5.0,7.0,12.0,7.0,8.0,2.0,7.0,10.0,5.0,5.0,5.0,11.0,7.0,13.0,5.0,15.0,36.0,28.0,29.0,25.0,17.0,27.0,20.0,23.0,20.0,34.0,31.0,24.0,24.0,19.0,22.0,23.0,28.0,15.0,30.0,26.0,18.0,27.0,31.0,28.0,5.0,10.0,7.0,5.0,4.0,5.0,3.0,5.0,4.0,6.0,4.0,8.0,5.0,1.0,6.0
sample_032,5.0,7.0,8.0,10.0,6.0,2.0,2.0,10.0,5.0,9.0,8.0,6.0,3.0,4.0,2.0,8.0,9.0,10.0,4.0,8.0,25.0,40.0,41.0,39.0,18.0,22.0,25.0,19.0,23.0,22.0,32.0,33.0,24.0,20.0,29.0,24.0,14.0,32.0,20.0,19.0,33.0,34.0,24.0,38.0,31.0,4.0,2.0,3.0,2.0,5.0,2.0,6.0,7.0,7.0,4.0,2.0,4.0,9.0,1.0,3.0
sample_033,3.0,5.0,6.0,7.0,6.0,3.0,2.0,1.0,3.0,4.0,6.0,4.0,1.0,5.0,2.0,5.0,4.0,5.0,2.0,4.0,23.0,19.0,26.0,21.0,15.0,16.0,17.0,18.0,16.0,19.0,16.0,15.0,12.0,24.0,22.0,29.0,15.0,18.0,25.0,28.0,21.0,20.0,17.0,20.0,30.0,2.0,2.0,5.0,1.0,3.0,4.0,2.0,4.0,2.0,3.0,5.0,3.0,4.0,1.0,2.0
sample_034,19.0,27.0,19.0,24.0,17.0,16.0,19.0,13.0,20.0,15.0,17.0,22.0,18.0,21.0,20.0,31.0,14.0,19.0,12.0,13.0,11.0,25.0,15.0,19.0,8.0,3.0,3.0,2.0,1.0,1.0,4.0,2.0,6.0,6.0,4.0,7.0,2.0,4.0,5.0,7.0,9.0,10.0,8.0,10.0,12.0,3.0,7.0,7.0,4.0,4.0,2.0,4.0,7.0,8.0,6.0,8.0,7.0,5.0,10.0,1.0
sample_035,1.0,3.0,1.0,2.0,4.0,2.0,5.0,2.0,3.0,1.0,1.0,3.0,3.0,5.0,3.0,6.0,1.0,4.0,6.0,2.0,3.0,6.0,6.0,4.0,2.0,2.0,2.0,2.0,0.0,5.0,1.0,2.0,4.0,2.0,4.0,10.0,1.0,2.0,1.0,0.0,35.0,23.0,24.0,31.0,27.0,31.0,28.0,27.0,31.0,18.0,26.0,11.0,23.0,30.0,31.0,26.0,40.0,21.0,30.0,37.0
sample_036,0.0,3.0,1.0,1.0,1.0,2.0,1.0,2.0,0.0,2.0,1.0,5.0,2.0,4.0,1.0,4.0,5.0,5.0,8.0,5.0,8.0,7.0,4.0,5.0,6.0,4.0,3.0,7.0,2.0,10.0,4.0,3.0,4.0,4.0,6.0,7.0,3.0,9.0,4.0,7.0,16.0,10.0,15.0,19.0,14.0,19.0,17.0,14.0,10.0,12.0,11.0,18.0,14.0,23.0,15.0,17.0,14.0,14.0,23.0,23.0
sample_037,1.0,6.0,11.0,6.0,6.0,2.0,4.0,2.0,8.0,5.0,5.0,7.0,3.0,7.0,2.0,6.0,10.0,13.0,4.0,4.0,11.0,16.0,26.0,25.0,11.0,13.0,19.0,17.0,6.0,13.0,22.0,19.0,17.0,14.0,12.0,14.0,5.0,18.0,17.0,17.0,20.0,17.0,25.0,21.0,17.0,5.0,7.0,2.0,3.0,5.0,1.0,2.0,4.0,3.0,1.0,7.0,5.0,2.0,7.0,1.0
sample_038,7.0,4.0,4.0,3.0,6.0,2.0,5.0,2.0,5.0,6.0,3.0,8.0,7.0,7.0,6.0,6.0,5.0,5.0,4.0,9.0,14.0,7.0,4.0,16.0,10.0,2.0,6.0,4.0,4.0,5.0,1.0,6.0,3.0,2.0,5.0,8.0,0.0,2.0,6.0,5.0,34.0,33.0,23.0,37.0,28.0,21.0,30.0,30.0,28.0,17.0,29.0,28.0,26.0,31.0,27.0,33.0,34.0,16.0,25.0,33.0
sample_039,2.0,1.0,2.0,3.0,5.0,7.0,6.0,0.0,2.0,1.0,3.0,5.0,3.0,3.0,3.0,1.0,3.0,0.0,2.0,3.0,3.0,4.0,3.0,3.0,1.0,7.0,5.0,6.0,2.0,2.0,1.0,2.0,8.0,5.0,2.0,2.0,0.0,1.0,1.0,1.0,26.0,27.0,29.0,39.0,27.0,21.0,24.0,30.0,23.0,22.0,30.0,14.0,23.0,27.0,30.0,23.0,41.0,20.0,33.0,32.0
sample_040,2.0,3.0,3.0,2.0,2.0,2.0,2.0,8.0,6.0,4.0,6.0,3.0,3.0,3.0,2.0,2.0,3.0,6.0,8.0,0.0,29.0,24.0,22.0,36.0,24.0,25.0,34.0,23.0,20.0,17.0,33.0,33.0,18.0,33.0,32.0,29.0,19.0,40.0,22.0,24.0,35.0,23.0,23.0,41.0,27.0,5.0,2.0,3.0,7.0,1.0,8.0,2.0,2.0,5.0,0.0,2.0,3.0,2.0,4.0,0.0
sample_041,15.0,8.0,9.0,12.0,12.0,9.0,18.0,9.0,14.0,19.0,11.0,10.0,7.0,8.0,13.0,11.0,10.0,11.0,10.0,5.0,32.0,20.0,20.0,27.0,25.0,13.0,17.0,10.0,12.0,19.0,16.0,16.0,14.0,13.0,21.0,16.0,13.0,13.0,16.0,16.0,27.0,16.0,18.0,28.0,24.0,15.0,13.0,10.0,16.0,6.0,11.0,10.0,14.0,7.0,5.0,15.0,14.0,12.0,14.0,15.0
sample_042,24.0,20.0,27.0,23.0,30.0,11.0,14.0,11.0,22.0,25.0,11.0,24.0,17.0,20.0,17.0,27.0,15.0,25.0,25.0,18.0,29.0,22.0,22.0,24.0,16.0,3.0,3.0,0.0,4.0,6.0,4.0,4.0,4.0,3.0,10.0,5.0,4.0,4.0,4.0,5.0,5.0,5.0,9.0,5.0,2.0,2.0,2.0,1.0,2.0,2.0,1.0,0.0,1.0,0.0,1.0,3.0,2.0,3.0,4.0,5.0
sample_043,8.0,0.0,5.0,8.0,8.0,5.0,1.0,5.0,13.0,7.0,4.0,7.0,3.0,6.0,4.0,3.0,8.0,4.0,4.0,5.0,18.0,27.0,28.0,27.0,14.0,15.0,18.0,9.0,18.0,19.0,26.0,30.0,19.0,25.0,22.0,19.0,13.0,23.0,21.0,30.0,25.0,23.0,20.0,28.0,33.0,2.0,5.0,8.0,2.0,0.0,6.0,3.0,2.0,2.0,5.0,5.0,5.0,8.0,10.0,6.0
sample_044,3.0,3.0,3.0,4.0,1.0,3.0,2.0,3.0,3.0,6.0,3.0,4.0,0.0,2.0,1.0,3.0,2.0,3.0,2.0,1.0,16.0,21.0,19.0,33.0,21.0,19.0,14.0,18.0,20.0,24.0,31.0,27.0,16.0,24.0,18.0,25.0,12.0,26.0,20.0,33.0,24.0,25.0,26.0,35.0,28.0,7.0,3.0,2.0,6.0,4.0,6.0,0.0,3.0,0.0,2.0,2.0,2.0,3.0,5.0,5.0
sample_045,7.0,3.0,8.0,4.0,4.0,1.0,3.0,4.0,5.0,7.0,3.0,5.0,4.0,4.0,5.0,6.0,5.0,8.0,4.0,3.0,15.0,21.0,26.0,27.0,16.0,11.0,32.0,11.0,15.0,16.0,24.0,28.0,18.0,22.0,22.0,21.0,16.0,19.0,16.0,20.0,35.0,30.0,17.0,36.0,30.0,3.0,1.0,1.0,2.0,2.0,3.0,1.0,4.0,1.0,2.0,3.0,3.0,1.0,1.0,2.0
sample_046,1.0,3.0,3.0,1.0,3.0,5.0,1.0,1.0,6.0,1.0,1.0,7.0,2.0,2.0,0.0,1.0,2.0,4.0,1.0,6.0,13.0,14.0,23.0,23.0,13.0,13.0,15.0,13.0,13.0,24.0,28.0,17.0,18.0,12.0,20.0,20.0,18.0,19.0,17.0,21.0,11.0,22.0,26.0,17.0,18.0,2.0,2.0,1.0,4.0,4.0,2.0,2.0,0.0,8.0,4.0,0.0,3.0,2.0,1.0,0.0
sample_047,6.0,5.0,5.0,6.0,5.0,5.0,2.0,8.0,3.0,9.0,8.0,7.0,5.0,4.0,6.0,2.0,9.0,4.0,10.0,6.0,14.0,19.0,18.0,15.0,9.0,8.0,6.0,7.0,7.0,9.0,12.0,11.0,13.0,10.0,17.0,14.0,12.0,8.0,11.0,10.0,34.0,34.0,35.0,30.0,35.0,19.0,15.0,31.0,21.0,19.0,41.0,13.0,28.0,18.0,18.0,29.0,24.0,16.0,15.0,19.0
sample_048,15.0,14.0,17.0,22.0,25.0,20.0,9.0,20.0,16.0,18.0,13.0,19.0,12.0,15.0,11.0,17.0,13.0,22.0,15.0,9.0,17.0,17.0,20.0,23.0,12.0,6.0,7.0,4.0,1.0,8.0,4.0,4.0,6.0,8.0,7.0,4.0,2.0,4.0,6.0,5.0,17.0,18.0,14.0,29.0,9.0,11.0,16.0,16.0,13.0,9.0,14.0,3.0,10.0,11.0,8.0,19.0,18.0,10.0,11.0,11.0
sample_049,3.0,5.0,0.0,4.0,4.0,1.0,0.0,0.0,3.0,4.0,0.0,0.0,1.0,2.0,4.0,2.0,3.0,2.0,7.0,5.0,5.0,2.0,4.0,5.0,2.0,4.0,3.0,2.0,2.0,1.0,3.0,2.0,8.0,2.0,0.0,2.0,2.0,4.0,0.0,4.0,17.0,17.0,17.0,21.0,18.0,15.0,16.0,21.0,18.0,11.0,25.0,8.0,22.0,20.0,22.0,26.0,21.0,14.0,21.0,16.0
sample_050,3.0,4.0,10.0,2.0,7.0,2.0,8.0,1.0,7.0,2.0,5.0,4.0,4.0,4.0,4.0,2.0,5.0,5.0,9.0,3.0,5.0,8.0,5.0,13.0,6.0,8.0,9.0,7.0,1.0,3.0,6.0,5.0,3.0,2.0,7.0,4.0,3.0,2.0,5.0,5.0,19.0,28.0,21.0,29.0,17.0,25.0,24.0,25.0,28.0,7.0,29.0,26.0,31.0,34.0,26.0,19.0,26.0,17.0,22.0,20.0
sample_051,3.0,2.0,6.0,1.0,5.0,2.0,6.0,3.0,2.0,3.0,4.0,9.0,3.0,7.0,4.0,9.0,6.0,3.0,8.0,1.0,13.0,28.0,20.0,31.0,10.0,18.0,11.0,10.0,10.0,9.0,22.0,19.0,15.0,17.0,20.0,15.0,13.0,23.0,12.0,27.0,12.0,10.0,21.0,26.0,17.0,6.0,0.0,2.0,5.0,2.0,4.0,3.0,5.0,4.0,1.0,3.0,5.0,2.0,4.0,3.0
sample_052,7.0,4.0,7.0,3.0,13.0,2.0,5.0,5.0,5.0,5.0,5.0,8.0,10.0,6.0,3.0,11.0,4.0,3.0,11.0,3.0,19.0,39.0,35.0,47.0,26.0,24.0,32.0,25.0,24.0,25.0,29.0,20.0,25.0,36.0,34.0,31.0,14.0,27.0,22.0,32.0,29.0,27.0,23.0,38.0,25.0,3.0,3.0,4.0,2.0,1.0,1.0,3.0,1.0,2.0,5.0,0.0,4.0,0.0,5.0,3.0
sample_053,34.0,24.0,29.0,45.0,32.0,20.0,15.0,25.0,19.0,31.0,16.0,23.0,20.0,28.0,17.0,36.0,24.0,32.0,37.0,19.0,33.0,27.0,24.0,40.0,20.0,7.0,4.0,3.0,5.0,9.0,6.0,8.0,6.0,7.0,7.0,7.0,5.0,6.0,7.0,10.0,5.0,6.0,6.0,5.0,4.0,2.0,3.0,3.0,5.0,1.0,6.0,2.0,3.0,4.0,4.0,4.0,4.0,3.0,5.0,2.0
sample_054,27.0,19.0,27.0,24.0,28.0,17.0,18.0,29.0,20.0,20.0,24.0,28.0,12.0,30.0,17.0,25.0,13.0,19.0,29.0,11.0,25.0,16.0,24.0,37.0,19.0,5.0,3.0,4.0,4.0,0.0,4.0,5.0,4.0,5.0,2.0,4.0,3.0,6.0,5.0,2.0,6.0,9.0,5.0,10.0,2.0,5.0,7.0,4.0,5.0,2.0,4.0,6.0,2.0,7.0,4.0,3.0,6.0,2.0,6.0,1.0
sample_055,18.0,18.0,31.0,22.0,26.0,18.0,10.0,18.0,22.0,21.0,21.0,18.0,18.0,14.0,21.0,22.0,16.0,27.0,19.0,16.0,16.0,15.0,22.0,26.0,15.0,4.0,6.0,4.0,2.0,3.0,6.0,4.0,2.0,1.0,5.0,1.0,7.0,2.0,5.0,2.0,4.0,7.0,4.0,5.0,4.0,4.0,1.0,4.0,2.0,1.0,5.0,2.0,2.0,9.0,3.0,6.0,5.0,2.0,4.0,4.0
sample_056,10.0,7.0,12.0,15.0,7.0,11.0,8.0,7.0,7.0,12.0,13.0,11.0,6.0,13.0,9.0,8.0,16.0,12.0,13.0,11.0,24.0,33.0,28.0,23.0,12.0,15.0,17.0,13.0,8.0,14.0,16.0,15.0,12.0,10.0,15.0,15.0,8.0,15.0,3.0,15.0,42.0,36.0,26.0,45.0,40.0,26.0,31.0,40.0,27.0,21.0,19.0,12.0,29.0,34.0,26.0,27.0,37.0,20.0,40.0,24.0
sample_057,7.0,5.0,5.0,6.0,4.0,2.0,6.0,5.0,3.0,8.0,5.0,6.0,4.0,6.0,10.0,10.0,5.0,8.0,8.0,6.0,4.0,8.0,6.0,14.0,4.0,5.0,4.0,4.0,3.0,6.0,4.0,3.0,3.0,6.0,2.0,8.0,6.0,4.0,5.0,7.0,32.0,21.0,21.0,33.0,20.0,37.0,22.0,29.0,22.0,13.0,38.0,21.0,30.0,31.0,21.0,18.0,28.0,20.0,28.0,30.0
sample_058,25.0,20.0,32.0,23.0,31.0,18.0,13.0,22.0,25.0,36.0,19.0,21.0,15.0,25.0,32.0,35.0,20.0,30.0,23.0,25.0,19.0,26.0,34.0,34.0,22.0,3.0,6.0,4.0,2.0,10.0,8.0,4.0,5.0,8.0,6.0,11.0,3.0,10.0,10.0,11.0,11.0,16.0,13.0,11.0,17.0,8.0,5.0,3.0,5.0,3.0,5.0,4.0,6.0,6.0,6.0,5.0,4.0,9.0,5.0,7.0
sample_059,16.0,13.0,16.0,22.0,27.0,18.0,15.0,17.0,8.0,24.0,20.0,21.0,21.0,18.0,14.0,20.0,15.0,19.0,27.0,14.0,10.0,14.0,19.0,19.0,20.0,2.0,3.0,6.0,4.0,3.0,4.0,8.0,0.0,0.0,2.0,3.0,2.0,4.0,3.0,2.0,5.0,4.0,5.0,7.0,3.0,11.0,4.0,5.0,3.0,5.0,4.0,5.0,3.0,1.0,2.0,0.0,5.0,5.0,1.0,2.0
sample_060,23.0,21.0,19.0,25.0,31.0,20.0,14.0,27.0,14.0,25.0,14.0,25.0,15.0,25.0,18.0,25.0,16.0,14.0,25.0,17.0,17.0,24.0,36.0,26.0,15.0,3.0,5.0,3.0,3.0,7.0,8.0,9.0,4.0,8.0,8.0,8.0,2.0,1.0,6.0,3.0,6.0,7.0,3.0,10.0,12.0,2.0,1.0,3.0,3.0,3.0,5.0,0.0,4.0,2.0,4.0,1.0,3.0,0.0,4.0,2.0
sample_061,12.0,8.0,7.0,8.0,5.0,7.0,3.0,2.0,2.0,5.0,2.0,6.0,7.0,2.0,7.0,8.0,5.0,5.0,9.0,6.0,8.0,7.0,5.0,9.0,3.0,4.0,3.0,1.0,1.0,1.0,7.0,2.0,2.0,3.0,5.0,5.0,4.0,3.0,1.0,3.0,35.0,25.0,28.0,29.0,16.0,24.0,33.0,38.0,19.0,14.0,32.0,24.0,18.0,22.0,28.0,27.0,37.0,19.0,27.0,22.0
sample_062,6.0,0.0,3.0,3.0,5.0,3.0,2.0,6.0,1.0,1.0,5.0,3.0,4.0,2.0,5.0,3.0,4.0,4.0,4.0,1.0,19.0,26.0,22.0,18.0,25.0,23.0,17.0,12.0,16.0,22.0,23.0,18.0,15.0,19.0,24.0,20.0,16.0,19.0,14.0,28.0,27.0,28.0,30.0,21.0,25.0,2.0,3.0,1.0,2.0,2.0,2.0,2.0,2.0,8.0,4.0,1.0,5.0,5.0,1.0,4.0
sample_063,2.0,4.0,2.0,3.0,2.0,2.0,4.0,3.0,3.0,6.0,4.0,3.0,5.0,0.0,3.0,8.0,3.0,6.0,6.0,5.0,6.0,6.0,9.0,7.0,2.0,4.0,4.0,9.0,2.0,4.0,7.0,5.0,3.0,5.0,5.0,7.0,2.0,4.0,3.0,3.0,23.0,25.0,24.0,25.0,26.0,22.0,21.0,24.0,18.0,11.0,29.0,19.0,27.0,24.0,24.0,35.0,25.0,23.0,26.0,30.0
sample_064,2.0,5.0,7.0,6.0,8.0,3.0,5.0,6.0,4.0,7.0,4.0,9.0,7.0,6.0,3.0,10.0,0.0,7.0,11.0,2.0,18.0,23.0,29.0,28.0,14.0,11.0,17.0,18.0,15.0,18.0,23.0,21.0,21.0,18.0,25.0,28.0,19.0,20.0,21.0,21.0,22.0,33.0,23.0,29.0,28.0,5.0,3.0,2.0,3.0,2.0,8.0,5.0,3.0,5.0,3.0,9.0,7.0,4.0,3.0,4.0
sample_065,9.0,3.0,8.0,7.0,5.0,7.0,6.0,5.0,4.0,9.0,2.0,8.0,3.0,3.0,5.0,6.0,4.0,7.0,5.0,5.0,23.0,22.0,26.0,39.0,26.0,18.0,29.0,14.0,14.0,19.0,23.0,20.0,17.0,25.0,26.0,25.0,13.0,22.0,25.0,26.0,22.0,25.0,16.0,25.0,25.0,4.0,2.0,4.0,0.0,0.0,1.0,2.0,1.0,4.0,3.0,3.0,3.0,0.0,3.0,2.0
sample_066,5.0,2.0,5.0,3.0,2.0,8.0,4.0,3.0,2.0,8.0,3.0,4.0,3.0,2.0,6.0,2.0,1.0,8.0,7.0,2.0,20.0,8.0,18.0,26.0,18.0,9.0,19.0,14.0,12.0,17.0,20.0,11.0,12.0,15.0,21.0,13.0,9.0,17.0,13.0,14.0,27.0,8.0,13.0,23.0,17.0,2.0,1.0,3.0,4.0,0.0,3.0,2.0,0.0,1.0,2.0,6.0,2.0,1.0,1.0,3.0
sample_067,16.0,19.0,24.0,26.0,17.0,15.0,10.0,14.0,15.0,20.0,21.0,12.0,17.0,16.0,9.0,10.0,16.0,19.0,17.0,14.0,18.0,13.0,18.0,18.0,15.0,2.0,6.0,1.0,4.0,3.0,7.0,2.0,4.0,4.0,9.0,6.0,3.0,4.0,3.0,8.0,9.0,6.0,10.0,8.0,11.0,7.0,6.0,5.0,5.0,5.0,9.0,2.0,4.0,2.0,4.0,5.0,4.0,7.0,8.0,3.0
sample_068,10.0,10.0,5.0,5.0,5.0,3.0,2.0,8.0,8.0,7.0,7.0,7.0,6.0,11.0,7.0,6.0,5.0,11.0,15.0,10.0,11.0,10.0,17.0,24.0,14.0,12.0,9.0,10.0,9.0,5.0,16.0,12.0,7.0,10.0,10.0,11.0,9.0,11.0,13.0,15.0,29.0,34.0,27.0,34.0,25.0,13.0,19.0,14.0,15.0,9.0,22.0,18.0,19.0,25.0,23.0,16.0,17.0,17.0,25.0,19.0
sample_069,20.0,19.0,24.0,21.0,27.0,17.0,12.0,17.0,16.0,21.0,18.0,17.0,17.0,20.0,20.0,18.0,18.0,20.0,23.0,14.0,24.0,32.0,39.0,28.0,20.0,10.0,22.0,7.0,6.0,12.0,19.0,17.0,13.0,9.0,17.0,18.0,8.0,21.0,10.0,22.0,24.0,21.0,26.0,31.0,15.0,8.0,14.0,14.0,10.0,7.0,14.0,4.0,13.0,11.0,10.0,12.0,13.0,7.0,15.0,10.0
sample_070,2.0,1.0,8.0,6.0,7.0,8.0,5.0,8.0,4.0,7.0,4.0,4.0,10.0,6.0,9.0,6.0,6.0,7.0,10.0,4.0,4.0,5.0,8.0,14.0,7.0,2.0,6.0,3.0,2.0,1.0,4.0,7.0,4.0,2.0,1.0,3.0,2.0,2.0,3.0,6.0,15.0,15.0,19.0,31.0,20.0,19.0,15.0,16.0,22.0,15.0,23.0,14.0,19.0,27.0,29.0,22.0,17.0,23.0,23.0,24.0
sample_071,7.0,4.0,4.0,7.0,8.0,7.0,2.0,10.0,1.0,13.0,3.0,2.0,4.0,3.0,9.0,4.0,3.0,5.0,5.0,2.0,22.0,29.0,37.0,31.0,24.0,10.0,21.0,13.0,10.0,20.0,29.0,23.0,17.0,27.0,22.0,31.0,19.0,15.0,25.0,36.0,42.0,23.0,34.0,35.0,41.0,8.0,2.0,5.0,4.0,1.0,4.0,4.0,4.0,9.0,4.0,6.0,10.0,5.0,8.0,5.0
sample_072,3.0,4.0,4.0,6.0,4.0,4.0,3.0,3.0,2.0,4.0,6.0,8.0,5.0,8.0,6.0,12.0,10.0,2.0,7.0,1.0,20.0,33.0,23.0,28.0,22.0,15.0,19.0,21.0,17.0,25.0,27.0,44.0,31.0,32.0,33.0,33.0,26.0,24.0,33.0,38.0,30.0,31.0,30.0,53.0,33.0,1.0,2.0,7.0,6.0,7.0,5.0,2.0,3.0,5.0,3.0,3.0,7.0,3.0,5.0,0.0
sample_073,4.0,5.0,2.0,5.0,6.0,2.0,1.0,2.0,7.0,4.0,9.0,7.0,4.0,8.0,3.0,10.0,7.0,9.0,9.0,3.0,9.0,6.0,7.0,10.0,8.0,1.0,5.0,3.0,4.0,4.0,2.0,7.0,3.0,2.0,2.0,4.0,4.0,0.0,2.0,4.0,14.0,11.0,23.0,20.0,14.0,10.0,17.0,20.0,19.0,5.0,15.0,8.0,11.0,19.0,16.0,16.0,16.0,9.0,13.0,13.0
sample_074,8.0,4.0,6.0,5.0,7.0,2.0,3.0,7.0,5.0,3.0,7.0,5.0,2.0,6.0,7.0,2.0,6.0,4.0,5.0,7.0,16.0,29.0,30.0,28.0,17.0,15.0,28.0,15.0,19.0,20.0,27.0,24.0,16.0,20.0,28.0,23.0,11.0,26.0,17.0,26.0,25.0,24.0,21.0,24.0,29.0,3.0,4.0,3.0,7.0,3.0,6.0,6.0,3.0,4.0,5.0,3.0,5.0,5.0,5.0,2.0
sample_075,6.0,6.0,1.0,2.0,7.0,1.0,2.0,4.0,0.0,4.0,7.0,6.0,1.0,5.0,4.0,3.0,8.0,9.0,7.0,6.0,21.0,32.0,25.0,37.0,17.0,16.0,15.0,21.0,19.0,21.0,34.0,30.0,17.0,22.0,21.0,40.0,14.0,12.0,18.0,23.0,23.0,23.0,34.0,29.0,37.0,1.0,3.0,2.0,0.0,3.0,0.0,1.0,1.0,0.0,3.0,2.0,4.0,3.0,0.0,0.0
sample_076,7.0,5.0,5.0,6.0,3.0,6.0,3.0,3.0,4.0,1.0,2.0,5.0,3.0,5.0,5.0,5.0,2.0,6.0,4.0,3.0,6.0,6.0,9.0,9.0,4.0,10.0,4.0,8.0,1.0,4.0,10.0,9.0,4.0,9.0,5.0,4.0,2.0,7.0,3.0,9.0,25.0,18.0,27.0,38.0,37.0,21.0,19.0,38.0,30.0,12.0,28.0,16.0,27.0,32.0,19.0,23.0,27.0,25.0,28.0,26.0
sample_077,30.0,26.0,32.0,37.0,35.0,12.0,11.0,22.0,23.0,19.0,25.0,29.0,17.0,23.0,21.0,24.0,19.0,26.0,20.0,24.0,23.0,20.0,38.0,34.0,23.0,4.0,3.0,4.0,4.0,6.0,4.0,4.0,4.0,6.0,4.0,7.0,2.0,7.0,5.0,2.0,17.0,7.0,6.0,7.0,12.0,5.0,4.0,5.0,9.0,6.0,4.0,4.0,8.0,3.0,0.0,4.0,6.0,6.0,9.0,6.0
sample_078,5.0,6.0,5.0,8.0,8.0,6.0,7.0,3.0,5.0,8.0,5.0,6.0,3.0,5.0,3.0,7.0,2.0,4.0,3.0,3.0,21.0,31.0,18.0,35.0,23.0,19.0,23.0,15.0,18.0,15.0,29.0,16.0,12.0,17.0,17.0,24.0,15.0,24.0,19.0,34.0,26.0,26.0,32.0,25.0,26.0,7.0,5.0,8.0,6.0,2.0,4.0,1.0,6.0,7.0,8.0,7.0,7.0,4.0,9.0,3.0
sample_079,18.0,20.0,12.0,21.0,23.0,8.0,10.0,15.0,12.0,18.0,10.0,12.0,16.0,20.0,10.0,11.0,13.0,17.0,17.0,14.0,7.0,11.0,11.0,26.0,8.0,0.0,1.0,1.0,1.0,2.0,3.0,3.0,3.0,2.0,0.0,7.0,1.0,3.0,0.0,2.0,10.0,7.0,4.0,9.0,8.0,3.0,7.0,5.0,5.0,3.0,4.0,4.0,5.0,6.0,4.0,2.0,4.0,3.0,2.0,2.0
sample_080,8.0,3.0,0.0,3.0,3.0,3.0,6.0,3.0,3.0,3.0,4.0,6.0,1.0,7.0,1.0,3.0,3.0,2.0,0.0,2.0,19.0,38.0,43.0,31.0,15.0,32.0,23.0,23.0,21.0,25.0,41.0,35.0,23.0,34.0,32.0,37.0,23.0,28.0,23.0,40.0,32.0,34.0,24.0,27.0,47.0,2.0,5.0,2.0,0.0,1.0,1.0,9.0,8.0,3.0,2.0,6.0,5.0,6.0,2.0,0.0
sample_081,23.0,32.0,27.0,33.0,23.0,20.0,22.0,30.0,28.0,22.0,21.0,20.0,17.0,28.0,26.0,22.0,25.0,20.0,19.0,18.0,14.0,22.0,21.0,28.0,23.0,1.0,1.0,3.0,3.0,5.0,3.0,7.0,1.0,1.0,3.0,2.0,4.0,6.0,1.0,3.0,5.0,5.0,6.0,5.0,4.0,1.0,3.0,3.0,5.0,1.0,0.0,4.0,3.0,2.0,2.0,1.0,6.0,4.0,2.0,1.0
sample_082,6.0,2.0,9.0,8.0,6.0,8.0,6.0,6.0,4.0,7.0,6.0,6.0,9.0,4.0,3.0,5.0,6.0,12.0,4.0,3.0,26.0,27.0,21.0,27.0,19.0,14.0,14.0,17.0,15.0,17.0,27.0,13.0,15.0,18.0,20.0,25.0,16.0,21.0,22.0,19.0,26.0,21.0,20.0,20.0,24.0,6.0,2.0,5.0,2.0,2.0,0.0,4.0,0.0,3.0,3.0,7.0,3.0,2.0,1.0,6.0
sample_083,30.0,21.0,23.0,45.0,42.0,14.0,14.0,25.0,28.0,23.0,39.0,30.0,21.0,31.0,20.0,30.0,17.0,25.0,25.0,19.0,19.0,23.0,19.0,31.0,17.0,1.0,4.0,1.0,5.0,3.0,2.0,1.0,2.0,6.0,3.0,2.0,1.0,4.0,1.0,3.0,9.0,6.0,3.0,4.0,9.0,5.0,4.0,1.0,3.0,3.0,5.0,2.0,3.0,4.0,5.0,6.0,10.0,3.0,4.0,6.0
sample_084,29.0,19.0,28.0,35.0,18.0,14.0,10.0,12.0,29.0,21.0,25.0,23.0,15.0,21.0,15.0,17.0,11.0,25.0,18.0,16.0,19.0,18.0,24.0,30.0,15.0,2.0,9.0,3.0,4.0,2.0,4.0,5.0,3.0,7.0,10.0,2.0,3.0,8.0,3.0,6.0,4.0,11.0,5.0,5.0,11.0,5.0,4.0,5.0,4.0,2.0,1.0,1.0,1.0,1.0,4.0,2.0,2.0,2.0,3.0,2.0
sample_085,25.0,19.0,25.0,31.0,25.0,14.0,9.0,21.0,24.0,14.0,8.0,24.0,14.0,20.0,19.0,22.0,13.0,29.0,12.0,12.0,21.0,16.0,23.0,28.0,19.0,5.0,3.0,5.0,1.0,4.0,6.0,1.0,5.0,5.0,8.0,3.0,0.0,3.0,2.0,9.0,3.0,5.0,8.0,8.0,6.0,7.0,3.0,5.0,4.0,3.0,4.0,1.0,3.0,2.0,2.0,4.0,12.0,0.0,4.0,7.0
sample_086,2.0,4.0,3.0,4.0,3.0,2.0,2.0,3.0,5.0,3.0,4.0,3.0,6.0,0.0,2.0,4.0,7.0,4.0,4.0,2.0,2.0,6.0,7.0,7.0,2.0,2.0,5.0,6.0,2.0,3.0,4.0,2.0,2.0,2.0,2.0,8.0,1.0,3.0,3.0,2.0,25.0,25.0,25.0,32.0,22.0,22.0,27.0,36.0,37.0,19.0,38.0,17.0,27.0,28.0,22.0,26.0,40.0,19.0,43.0,31.0
sample_087,7.0,4.0,4.0,5.0,5.0,3.0,1.0,3.0,3.0,4.0,11.0,5.0,2.0,4.0,2.0,1.0,4.0,4.0,4.0,3.0,18.0,30.0,31.0,28.0,12.0,18.0,16.0,20.0,21.0,23.0,31.0,27.0,20.0,16.0,24.0,27.0,14.0,20.0,20.0,26.0,37.0,17.0,31.0,27.0,37.0,3.0,3.0,2.0,0.0,1.0,2.0,0.0,4.0,3.0,2.0,2.0,1.0,1.0,2.0,2.0
sample_088,6.0,5.0,7.0,4.0,8.0,3.0,3.0,7.0,2.0,3.0,6.0,1.0,7.0,1.0,4.0,4.0,3.0,6.0,3.0,1.0,20.0,28.0,19.0,36.0,22.0,15.0,14.0,14.0,16.0,17.0,23.0,24.0,22.0,19.0,25.0,18.0,13.0,27.0,15.0,22.0,25.0,24.0,28.0,31.0,22.0,8.0,7.0,8.0,7.0,4.0,2.0,10.0,9.0,7.0,10.0,8.0,9.0,2.0,8.0,5.0
sample_089,4.0,3.0,6.0,1.0,6.0,3.0,3.0,2.0,3.0,5.0,5.0,10.0,5.0,2.0,1.0,0.0,8.0,1.0,5.0,4.0,8.0,8.0,5.0,8.0,6.0,9.0,3.0,5.0,9.0,5.0,9.0,9.0,3.0,7.0,8.0,8.0,3.0,6.0,5.0,4.0,32.0,31.0,32.0,37.0,19.0,28.0,21.0,37.0,27.0,17.0,29.0,28.0,31.0,26.0,31.0,30.0,23.0,34.0,27.0,38.0
sample_090,3.0,4.0,2.0,4.0,4.0,1.0,3.0,3.0,5.0,3.0,2.0,5.0,2.0,2.0,8.0,3.0,5.0,3.0,6.0,2.0,30.0,32.0,23.0,36.0,15.0,18.0,27.0,23.0,16.0,30.0,29.0,29.0,27.0,30.0,43.0,26.0,19.0,25.0,29.0,26.0,29.0,29.0,34.0,44.0,41.0,7.0,3.0,5.0,6.0,5.0,2.0,3.0,7.0,4.0,2.0,2.0,4.0,7.0,4.0,6.0
sample_091,5.0,5.0,6.0,8.0,7.0,4.0,6.0,3.0,6.0,5.0,2.0,7.0,4.0,4.0,3.0,12.0,4.0,9.0,11.0,6.0,15.0,16.0,20.0,40.0,17.0,15.0,18.0,11.0,11.0,21.0,31.0,24.0,18.0,23.0,24.0,22.0,12.0,23.0,22.0,18.0,31.0,28.0,16.0,18.0,31.0,9.0,6.0,8.0,4.0,5.0,7.0,5.0,8.0,5.0,6.0,4.0,11.0,5.0,6.0,5.0
sample_092,5.0,6.0,3.0,5.0,5.0,4.0,4.0,1.0,3.0,2.0,6.0,3.0,1.0,8.0,2.0,4.0,2.0,7.0,9.0,5.0,25.0,30.0,25.0,39.0,13.0,27.0,17.0,29.0,15.0,25.0,34.0,38.0,26.0,30.0,28.0,19.0,19.0,20.0,16.0,29.0,31.0,31.0,25.0,43.0,30.0,4.0,9.0,6.0,4.0,5.0,6.0,3.0,4.0,9.0,4.0,4.0,3.0,4.0,6.0,4.0
sample_093,4.0,5.0,7.0,8.0,13.0,3.0,4.0,4.0,3.0,5.0,5.0,9.0,8.0,4.0,4.0,7.0,7.0,8.0,3.0,6.0,28.0,21.0,26.0,32.0,16.0,20.0,16.0,22.0,15.0,19.0,23.0,31.0,13.0,21.0,25.0,33.0,19.0,27.0,19.0,20.0,30.0,21.0,18.0,33.0,26.0,4.0,3.0,2.0,3.0,3.0,3.0,2.0,4.0,0.0,3.0,3.0,4.0,1.0,5.0,1.0
sample_094,16.0,22.0,17.0,26.0,18.0,17.0,12.0,14.0,13.0,17.0,19.0,7.0,13.0,16.0,16.0,11.0,11.0,18.0,19.0,10.0,13.0,13.0,14.0,32.0,15.0,4.0,6.0,4.0,3.0,3.0,8.0,7.0,5.0,6.0,5.0,6.0,5.0,3.0,5.0,11.0,6.0,5.0,7.0,7.0,9.0,3.0,1.0,2.0,3.0,4.0,2.0,2.0,3.0,1.0,1.0,6.0,3.0,2.0,4.0,0.0
sample_095,27.0,19.0,37.0,32.0,24.0,14.0,22.0,25.0,24.0,22.0,20.0,25.0,24.0,30.0,17.0,23.0,20.0,20.0,31.0,13.0,23.0,21.0,21.0,31.0,17.0,3.0,2.0,4.0,5.0,3.0,3.0,6.0,4.0,3.0,1.0,4.0,5.0,7.0,7.0,3.0,2.0,5.0,9.0,6.0,4.0,5.0,4.0,7.0,1.0,2.0,3.0,1.0,3.0,3.0,3.0,0.0,2.0,3.0,6.0,2.0
sample_096,32.0,38.0,28.0,40.0,29.0,19.0,16.0,28.0,18.0,35.0,29.0,31.0,25.0,28.0,25.0,28.0,20.0,35.0,24.0,17.0,31.0,23.0,33.0,47.0,17.0,4.0,1.0,5.0,2.0,5.0,1.0,3.0,2.0,4.0,5.0,1.0,5.0,3.0,5.0,6.0,7.0,5.0,6.0,8.0,4.0,9.0,7.0,5.0,12.0,1.0,4.0,1.0,6.0,7.0,3.0,4.0,6.0,11.0,6.0,3.0
sample_097,45.0,35.0,43.0,35.0,30.0,19.0,19.0,33.0,24.0,27.0,32.0,27.0,24.0,22.0,29.0,40.0,16.0,32.0,29.0,19.0,31.0,22.0,22.0,39.0,22.0,7.0,4.0,2.0,2.0,10.0,6.0,6.0,6.0,7.0,7.0,10.0,2.0,5.0,6.0,8.0,21.0,12.0,20.0,16.0,14.0,17.0,12.0,15.0,21.0,8.0,20.0,16.0,16.0,14.0,15.0,14.0,13.0,15.0,16.0,10.0
sample_098,6.0,5.0,4.0,3.0,5.0,1.0,5.0,4.0,1.0,6.0,5.0,2.0,2.0,5.0,7.0,6.0,1.0,9.0,5.0,1.0,33.0,24.0,37.0,44.0,28.0,14.0,21.0,22.0,19.0,32.0,26.0,28.0,31.0,24.0,25.0,35.0,19.0,31.0,26.0,37.0,32.0,27.0,27.0,39.0,33.0,3.0,6.0,2.0,3.0,0.0,8.0,3.0,1.0,5.0,5.0,3.0,5.0,2.0,3.0,1.0
sample_099,1.0,3.0,2.0,3.0,3.0,1.0,3.0,1.0,5.0,4.0,2.0,2.0,2.0,4.0,0.0,2.0,3.0,2.0,2.0,3.0,7.0,1.0,4.0,7.0,6.0,0.0,3.0,0.0,4.0,2.0,4.0,1.0,2.0,0.0,2.0,4.0,0.0,5.0,3.0,1.0,18.0,17.0,12.0,18.0,12.0,14.0,18.0,19.0,18.0,9.0,25.0,14.0,12.0,16.0,13.0,18.0,18.0,6.0,21.0,15.0
sample_100,4.0,5.0,6.0,1.0,7.0,1.0,3.0,2.0,5.0,8.0,1.0,4.0,2.0,3.0,2.0,7.0,5.0,6.0,3.0,1.0,5.0,6.0,3.0,10.0,3.0,1.0,0.0,3.0,3.0,2.0,7.0,6.0,9.0,3.0,9.0,8.0,4.0,3.0,5.0,8.0,20.0,18.0,9.0,17.0,12.0,25.0,11.0,17.0,16.0,11.0,17.0,13.0,16.0,19.0,17.0,16.0,20.0,14.0,14.0,17.0
sample_101,23.0,12.0,27.0,33.0,38.0,21.0,17.0,28.0,28.0,26.0,13.0,31.0,20.0,22.0,25.0,20.0,25.0,23.0,26.0,19.0,19.0,17.0,31.0,26.0,19.0,4.0,2.0,3.0,3.0,3.0,6.0,1.0,1.0,5.0,5.0,3.0,4.0,2.0,3.0,6.0,6.0,4.0,8.0,7.0,9.0,4.0,7.0,4.0,4.0,5.0,4.0,4.0,7.0,10.0,2.0,4.0,4.0,9.0,7.0,4.0
sample_102,2.0,0.0,3.0,1.0,1.0,1.0,4.0,2.0,1.0,0.0,0.0,1.0,1.0,3.0,3.0,0.0,5.0,6.0,3.0,3.0,4.0,2.0,8.0,7.0,1.0,4.0,3.0,1.0,5.0,7.0,5.0,3.0,5.0,2.0,9.0,4.0,1.0,2.0,1.0,4.0,22.0,14.0,16.0,15.0,13.0,19.0,13.0,11.0,15.0,6.0,14.0,7.0,18.0,13.0,13.0,12.0,11.0,9.0,17.0,10.0
sample_103,22.0,16.0,15.0,21.0,18.0,13.0,11.0,7.0,18.0,19.0,12.0,10.0,8.0,12.0,16.0,17.0,12.0,11.0,12.0,13.0,20.0,12.0,23.0,22.0,21.0,4.0,7.0,8.0,6.0,6.0,7.0,7.0,5.0,7.0,4.0,5.0,7.0,8.0,3.0,6.0,9.0,7.0,6.0,8.0,12.0,6.0,7.0,9.0,6.0,4.0,6.0,2.0,2.0,4.0,5.0,6.0,3.0,5.0,4.0,5.0
sample_104,28.0,19.0,39.0,36.0,38.0,17.0,13.0,27.0,19.0,32.0,18.0,18.0,21.0,26.0,15.0,32.0,27.0,28.0,33.0,17.0,24.0,22.0,30.0,34.0,12.0,6.0,1.0,4.0,2.0,4.0,3.0,3.0,3.0,4.0,5.0,3.0,2.0,4.0,4.0,3.0,3.0,2.0,9.0,12.0,3.0,3.0,1.0,2.0,2.0,2.0,4.0,0.0,1.0,2.0,1.0,5.0,5.0,2.0,4.0,2.0
sample_105,1.0,10.0,6.0,4.0,10.0,4.0,4.0,6.0,6.0,1.0,2.0,4.0,7.0,2.0,0.0,10.0,0.0,2.0,4.0,3.0,7.0,8.0,7.0,8.0,6.0,4.0,6.0,5.0,3.0,7.0,4.0,6.0,4.0,5.0,1.0,5.0,1.0,5.0,2.0,4.0,40.0,29.0,30.0,41.0,33.0,32.0,20.0,34.0,31.0,26.0,34.0,27.0,37.0,32.0,28.0,23.0,37.0,27.0,36.0,31.0
sample_106,2.0,3.0,5.0,3.0,2.0,2.0,0.0,1.0,5.0,4.0,1.0,2.0,5.0,4.0,0.0,1.0,1.0,1.0,3.0,4.0,4.0,5.0,2.0,6.0,0.0,2.0,3.0,4.0,1.0,4.0,3.0,3.0,0.0,3.0,1.0,1.0,4.0,3.0,2.0,1.0,24.0,15.0,14.0,31.0,21.0,17.0,20.0,30.0,20.0,9.0,32.0,23.0,21.0,27.0,24.0,19.0,15.0,17.0,20.0,27.0
sample_107,3.0,2.0,3.0,4.0,4.0,3.0,3.0,0.0,1.0,4.0,2.0,7.0,1.0,1.0,2.0,2.0,6.0,2.0,4.0,3.0,1.0,3.0,6.0,7.0,1.0,6.0,3.0,10.0,1.0,2.0,3.0,1.0,3.0,1.0,3.0,3.0,1.0,4.0,2.0,2.0,32.0,24.0,19.0,33.0,29.0,16.0,16.0,36.0,25.0,15.0,27.0,26.0,20.0,26.0,24.0,34.0,33.0,24.0,32.0,24.0
sample_108,6.0,4.0,2.0,4.0,7.0,3.0,1.0,4.0,8.0,8.0,4.0,2.0,2.0,2.0,4.0,2.0,3.0,4.0,2.0,5.0,26.0,22.0,22.0,33.0,15.0,27.0,19.0,11.0,14.0,16.0,28.0,27.0,16.0,29.0,18.0,21.0,15.0,25.0,27.0,27.0,32.0,30.0,33.0,34.0,27.0,3.0,2.0,2.0,2.0,2.0,4.0,1.0,2.0,3.0,2.0,1.0,6.0,2.0,5.0,2.0
sample_109,31.0,21.0,26.0,28.0,22.0,25.0,20.0,13.0,24.0,24.0,23.0,24.0,13.0,29.0,25.0,21.0,19.0,28.0,33.0,9.0,18.0,16.0,24.0,29.0,17.0,5.0,2.0,2.0,5.0,3.0,3.0,5.0,2.0,6.0,2.0,1.0,3.0,4.0,3.0,3.0,9.0,9.0,10.0,9.0,8.0,4.0,6.0,10.0,7.0,3.0,3.0,4.0,5.0,4.0,3.0,5.0,12.0,3.0,2.0,6.0
sample_110,32.0,31.0,31.0,36.0,43.0,22.0,13.0,20.0,22.0,32.0,35.0,17.0,28.0,31.0,26.0,27.0,22.0,23.0,36.0,25.0,23.0,24.0,26.0,36.0,19.0,3.0,2.0,3.0,5.0,4.0,9.0,3.0,2.0,8.0,7.0,7.0,9.0,9.0,2.0,4.0,8.0,3.0,12.0,10.0,8.0,4.0,3.0,2.0,2.0,8.0,9.0,6.0,2.0,5.0,4.0,8.0,10.0,0.0,5.0,4.0
sample_111,5.0,6.0,6.0,4.0,7.0,6.0,2.0,6.0,9.0,5.0,5.0,8.0,3.0,10.0,7.0,7.0,9.0,4.0,7.0,4.0,15.0,19.0,18.0,22.0,11.0,12.0,21.0,10.0,5.0,12.0,17.0,18.0,19.0,12.0,12.0,19.0,10.0,15.0,13.0,25.0,32.0,29.0,30.0,33.0,23.0,19.0,11.0,20.0,22.0,12.0,28.0,7.0,18.0,19.0,16.0,12.0,17.0,10.0,29.0,18.0
sample_112,23.0,14.0,20.0,26.0,24.0,15.0,16.0,14.0,16.0,29.0,21.0,24.0,22.0,22.0,19.0,26.0,10.0,25.0,20.0,11.0,34.0,42.0,44.0,50.0,21.0,23.0,17.0,17.0,18.0,20.0,30.0,29.0,20.0,25.0,21.0,27.0,14.0,16.0,19.0,17.0,34.0,19.0,24.0,34.0,24.0,3.0,9.0,6.0,2.0,7.0,2.0,5.0,10.0,15.0,6.0,5.0,13.0,3.0,8.0,5.0
sample_113,0.0,2.0,4.0,3.0,2.0,5.0,3.0,2.0,4.0,2.0,2.0,2.0,0.0,3.0,1.0,4.0,2.0,2.0,6.0,4.0,5.0,4.0,2.0,3.0,9.0,8.0,3.0,2.0,3.0,4.0,4.0,3.0,4.0,3.0,8.0,5.0,0.0,6.0,1.0,6.0,24.0,31.0,19.0,21.0,19.0,21.0,18.0,26.0,23.0,16.0,20.0,15.0,18.0,16.0,20.0,23.0,32.0,21.0,28.0,24.0
sample_114,29.0,21.0,25.0,26.0,26.0,15.0,19.0,31.0,19.0,39.0,24.0,14.0,18.0,22.0,25.0,29.0,18.0,26.0,13.0,12.0,20.0,14.0,24.0,44.0,9.0,1.0,2.0,4.0,1.0,5.0,3.0,4.0,3.0,5.0,7.0,4.0,2.0,5.0,3.0,2.0,9.0,11.0,12.0,4.0,3.0,2.0,5.0,2.0,2.0,6.0,2.0,0.0,4.0,5.0,6.0,1.0,6.0,4.0,5.0,5.0
sample_115,1.0,3.0,5.0,2.0,3.0,2.0,0.0,5.0,4.0,5.0,0.0,7.0,3.0,2.0,1.0,9.0,1.0,4.0,7.0,1.0,23.0,26.0,24.0,28.0,20.0,20.0,24.0,26.0,23.0,20.0,34.0,22.0,21.0,28.0,19.0,28.0,23.0,22.0,21.0,30.0,30.0,23.0,39.0,51.0,25.0,5.0,5.0,5.0,4.0,6.0,3.0,3.0,4.0,3.0,1.0,2.0,1.0,6.0,4.0,4.0
sample_116,37.0,28.0,33.0,34.0,27.0,23.0,15.0,30.0,22.0,35.0,37.0,27.0,20.0,32.0,27.0,39.0,20.0,29.0,32.0,22.0,24.0,19.0,34.0,40.0,18.0,7.0,5.0,4.0,4.0,7.0,3.0,4.0,6.0,10.0,2.0,6.0,3.0,8.0,4.0,6.0,10.0,7.0,6.0,17.0,3.0,2.0,7.0,5.0,4.0,5.0,6.0,4.0,2.0,8.0,8.0,5.0,7.0,7.0,9.0,6.0
sample_117,2.0,3.0,4.0,5.0,7.0,6.0,3.0,7.0,4.0,5.0,3.0,6.0,4.0,3.0,4.0,6.0,6.0,4.0,5.0,4.0,27.0,37.0,26.0,31.0,19.0,20.0,23.0,15.0,15.0,23.0,26.0,23.0,19.0,31.0,20.0,24.0,14.0,32.0,18.0,27.0,23.0,27.0,27.0,38.0,22.0,2.0,1.0,5.0,3.0,2.0,2.0,0.0,1.0,3.0,1.0,3.0,6.0,1.0,3.0,3.0
sample_118,10.0,16.0,12.0,13.0,17.0,8.0,14.0,13.0,9.0,19.0,15.0,14.0,15.0,14.0,11.0,26.0,19.0,23.0,14.0,10.0,19.0,21.0,21.0,34.0,18.0,7.0,7.0,9.0,11.0,14.0,12.0,10.0,7.0,8.0,15.0,10.0,10.0,11.0,5.0,5.0,18.0,21.0,29.0,27.0,20.0,21.0,8.0,12.0,23.0,6.0,9.0,9.0,14.0,10.0,8.0,6.0,11.0,7.0,15.0,15.0
sample_119,8.0,8.0,16.0,10.0,11.0,15.0,5.0,9.0,8.0,5.0,7.0,8.0,4.0,10.0,8.0,12.0,7.0,9.0,7.0,4.0,8.0,13.0,11.0,17.0,8.0,7.0,11.0,11.0,4.0,5.0,11.0,8.0,7.0,6.0,8.0,8.0,3.0,10.0,4.0,8.0,25.0,21.0,25.0,18.0,20.0,16.0,15.0,18.0,15.0,14.0,14.0,13.0,10.0,21.0,19.0,19.0,17.0,16.0,27.0,14.0
sample_120,6.0,9.0,4.0,4.0,5.0,3.0,0.0,3.0,2.0,7.0,4.0,4.0,9.0,6.0,4.0,8.0,8.0,8.0,5.0,10.0,4.0,6.0,7.0,7.0,7.0,4.0,7.0,6.0,1.0,4.0,5.0,5.0,1.0,3.0,5.0,3.0,3.0,5.0,3.0,3.0,32.0,25.0,18.0,31.0,19.0,26.0,23.0,18.0,17.0,12.0,20.0,18.0,17.0,17.0,17.0,20.0,21.0,12.0,26.0,15.0
sample_121,8.0,7.0,13.0,17.0,10.0,7.0,9.0,8.0,9.0,7.0,13.0,12.0,8.0,9.0,7.0,15.0,9.0,16.0,9.0,10.0,22.0,26.0,28.0,36.0,25.0,23.0,16.0,19.0,12.0,18.0,31.0,25.0,22.0,30.0,20.0,26.0,15.0,24.0,17.0,23.0,44.0,30.0,35.0,27.0,35.0,7.0,15.0,22.0,14.0,7.0,20.0,5.0,16.0,15.0,9.0,19.0,21.0,10.0,10.0,11.0
sample_122,4.0,3.0,1.0,2.0,3.0,0.0,2.0,1.0,1.0,2.0,0.0,1.0,2.0,2.0,1.0,1.0,3.0,2.0,5.0,4.0,4.0,1.0,4.0,5.0,7.0,1.0,1.0,2.0,1.0,5.0,4.0,2.0,0.0,2.0,5.0,4.0,0.0,2.0,1.0,4.0,29.0,26.0,24.0,24.0,10.0,17.0,10.0,16.0,17.0,9.0,24.0,17.0,15.0,18.0,18.0,20.0,33.0,10.0,22.0,20.0
sample_123,26.0,20.0,25.0,32.0,19.0,20.0,17.0,22.0,20.0,31.0,16.0,32.0,17.0,27.0,19.0,26.0,19.0,17.0,18.0,13.0,17.0,25.0,16.0,34.0,12.0,2.0,3.0,3.0,4.0,4.0,7.0,5.0,6.0,3.0,5.0,6.0,1.0,1.0,6.0,4.0,11.0,5.0,6.0,4.0,10.0,2.0,1.0,4.0,0.0,0.0,1.0,1.0,1.0,2.0,3.0,1.0,2.0,1.0,3.0,1.0
sample_124,5.0,1.0,3.0,5.0,6.0,2.0,3.0,8.0,7.0,2.0,4.0,3.0,1.0,6.0,1.0,1.0,4.0,7.0,7.0,3.0,2.0,4.0,7.0,7.0,4.0,3.0,4.0,1.0,1.0,1.0,2.0,2.0,4.0,4.0,1.0,0.0,3.0,3.0,3.0,4.0,29.0,29.0,24.0,27.0,23.0,21.0,28.0,32.0,26.0,22.0,28.0,24.0,25.0,25.0,36.0,27.0,38.0,20.0,32.0,28.0
sample_125,3.0,3.0,5.0,6.0,10.0,0.0,8.0,4.0,2.0,4.0,6.0,6.0,2.0,5.0,4.0,4.0,11.0,9.0,6.0,3.0,23.0,20.0,23.0,29.0,14.0,15.0,20.0,15.0,11.0,15.0,18.0,25.0,13.0,25.0,26.0,26.0,8.0,20.0,16.0,21.0,21.0,24.0,26.0,20.0,17.0,2.0,3.0,2.0,6.0,1.0,9.0,3.0,2.0,3.0,7.0,1.0,7.0,5.0,4.0,5.0
sample_126,3.0,5.0,2.0,7.0,7.0,2.0,4.0,5.0,4.0,9.0,7.0,3.0,4.0,6.0,9.0,3.0,11.0,6.0,4.0,1.0,10.0,13.0,14.0,25.0,9.0,13.0,10.0,12.0,9.0,14.0,15.0,15.0,8.0,9.0,20.0,15.0,6.0,13.0,16.0,12.0,35.0,25.0,38.0,37.0,13.0,27.0,25.0,20.0,27.0,15.0,22.0,18.0,16.0,21.0,15.0,26.0,16.0,13.0,21.0,22.0
sample_127,23.0,20.0,28.0,30.0,24.0,16.0,9.0,15.0,21.0,24.0,29.0,18.0,15.0,23.0,18.0,19.0,15.0,14.0,20.0,16.0,11.0,22.0,19.0,23.0,14.0,0.0,1.0,0.0,1.0,2.0,3.0,6.0,1.0,5.0,4.0,7.0,1.0,8.0,3.0,1.0,4.0,7.0,7.0,6.0,7.0,4.0,5.0,5.0,5.0,2.0,4.0,2.0,4.0,5.0,5.0,5.0,3.0,3.0,9.0,7.0
sample_128,26.0,22.0,24.0,42.0,26.0,16.0,18.0,28.0,35.0,27.0,20.0,27.0,19.0,25.0,18.0,23.0,31.0,31.0,28.0,11.0,22.0,21.0,35.0,21.0,16.0,4.0,8.0,3.0,6.0,5.0,1.0,2.0,2.0,1.0,3.0,6.0,1.0,6.0,4.0,6.0,6.0,7.0,3.0,5.0,3.0,4.0,4.0,4.0,3.0,1.0,5.0,0.0,2.0,7.0,5.0,7.0,6.0,6.0,1.0,2.0
sample_129,25.0,19.0,28.0,33.0,24.0,24.0,11.0,19.0,23.0,28.0,27.0,26.0,18.0,20.0,21.0,25.0,22.0,30.0,24.0,17.0,24.0,16.0,12.0,25.0,22.0,2.0,4.0,4.0,5.0,7.0,9.0,4.0,4.0,6.0,4.0,8.0,4.0,5.0,1.0,6.0,7.0,12.0,11.0,10.0,14.0,5.0,8.0,1.0,8.0,4.0,5.0,6.0,4.0,3.0,5.0,6.0,7.0,2.0,10.0,8.0
sample_130,6.0,6.0,7.0,7.0,5.0,3.0,6.0,2.0,7.0,4.0,8.0,8.0,6.0,3.0,8.0,5.0,10.0,1.0,6.0,5.0,20.0,20.0,28.0,36.0,15.0,18.0,18.0,20.0,7.0,11.0,21.0,22.0,17.0,26.0,18.0,19.0,11.0,11.0,22.0,17.0,20.0,22.0,19.0,33.0,24.0,4.0,5.0,10.0,5.0,4.0,2.0,6.0,4.0,3.0,7.0,4.0,5.0,0.0,10.0,2.0
sample_131,9.0,6.0,20.0,11.0,11.0,7.0,8.0,7.0,11.0,6.0,12.0,6.0,7.0,9.0,7.0,9.0,16.0,7.0,11.0,10.0,19.0,25.0,28.0,25.0,17.0,16.0,9.0,6.0,9.0,21.0,27.0,17.0,16.0,18.0,16.0,19.0,16.0,14.0,13.0,23.0,26.0,28.0,25.0,29.0,26.0,10.0,6.0,13.0,10.0,6.0,13.0,10.0,10.0,17.0,9.0,7.0,16.0,13.0,14.0,16.0
sample_132,2.0,2.0,1.0,6.0,0.0,3.0,3.0,3.0,3.0,2.0,6.0,2.0,2.0,1.0,0.0,1.0,3.0,4.0,1.0,4.0,31.0,31.0,25.0,33.0,13.0,23.0,24.0,17.0,16.0,19.0,26.0,22.0,28.0,25.0,32.0,22.0,18.0,28.0,17.0,25.0,26.0,23.0,30.0,35.0,35.0,6.0,3.0,1.0,5.0,0.0,4.0,6.0,5.0,6.0,6.0,3.0,7.0,6.0,4.0,4.0
sample_133,3.0,4.0,3.0,6.0,3.0,3.0,2.0,3.0,2.0,2.0,1.0,3.0,1.0,5.0,1.0,2.0,5.0,4.0,3.0,2.0,5.0,10.0,4.0,10.0,5.0,6.0,7.0,7.0,6.0,2.0,6.0,6.0,3.0,5.0,6.0,5.0,4.0,3.0,8.0,9.0,26.0,26.0,15.0,40.0,26.0,21.0,20.0,24.0,22.0,14.0,22.0,22.0,22.0,24.0,18.0,21.0,29.0,24.0,36.0,31.0
sample_134,5.0,7.0,5.0,6.0,5.0,6.0,3.0,5.0,1.0,5.0,5.0,5.0,5.0,4.0,6.0,1.0,2.0,4.0,6.0,2.0,6.0,9.0,6.0,7.0,5.0,3.0,4.0,5.0,5.0,4.0,4.0,6.0,7.0,5.0,2.0,7.0,3.0,5.0,4.0,4.0,20.0,16.0,23.0,29.0,22.0,20.0,12.0,21.0,19.0,11.0,16.0,11.0,17.0,15.0,18.0,20.0,25.0,14.0,20.0,24.0
sample_135,4.0,2.0,4.0,2.0,3.0,4.0,1.0,2.0,1.0,6.0,6.0,4.0,2.0,3.0,2.0,2.0,5.0,7.0,5.0,2.0,21.0,30.0,26.0,41.0,20.0,19.0,22.0,21.0,15.0,21.0,34.0,30.0,23.0,30.0,32.0,29.0,16.0,26.0,25.0,29.0,37.0,31.0,25.0,39.0,36.0,5.0,3.0,6.0,5.0,5.0,3.0,4.0,5.0,4.0,2.0,6.0,5.0,2.0,5.0,0.0
sample_136,11.0,22.0,20.0,22.0,10.0,12.0,10.0,13.0,18.0,19.0,22.0,11.0,15.0,20.0,15.0,15.0,17.0,21.0,14.0,5.0,17.0,22.0,26.0,39.0,8.0,15.0,11.0,8.0,9.0,14.0,10.0,15.0,14.0,11.0,17.0,13.0,10.0,12.0,8.0,19.0,26.0,38.0,23.0,37.0,32.0,16.0,26.0,20.0,17.0,9.0,25.0,18.0,12.0,25.0,22.0,24.0,27.0,19.0,19.0,18.0
sample_137,22.0,19.0,25.0,18.0,14.0,8.0,9.0,14.0,16.0,20.0,16.0,18.0,15.0,12.0,18.0,23.0,15.0,19.0,16.0,13.0,13.0,19.0,24.0,23.0,13.0,4.0,5.0,1.0,5.0,9.0,7.0,5.0,4.0,5.0,8.0,4.0,3.0,6.0,6.0,4.0,6.0,9.0,9.0,8.0,7.0,3.0,5.0,4.0,3.0,3.0,4.0,2.0,2.0,4.0,1.0,2.0,8.0,4.0,5.0,2.0
sample_138,6.0,1.0,5.0,4.0,3.0,3.0,7.0,1.0,4.0,4.0,3.0,3.0,2.0,6.0,3.0,5.0,6.0,8.0,3.0,3.0,2.0,7.0,4.0,9.0,1.0,2.0,0.0,3.0,3.0,1.0,2.0,4.0,4.0,2.0,4.0,3.0,1.0,4.0,2.0,3.0,20.0,22.0,17.0,33.0,23.0,16.0,18.0,25.0,20.0,10.0,15.0,11.0,17.0,24.0,27.0,15.0,24.0,25.0,17.0,17.0
sample_139,14.0,15.0,24.0,11.0,15.0,16.0,7.0,15.0,13.0,21.0,16.0,19.0,12.0,26.0,16.0,17.0,15.0,21.0,23.0,16.0,15.0,17.0,14.0,34.0,13.0,5.0,3.0,1.0,2.0,5.0,1.0,4.0,3.0,6.0,7.0,8.0,2.0,5.0,1.0,5.0,7.0,3.0,6.0,9.0,2.0,4.0,5.0,3.0,2.0,5.0,7.0,6.0,2.0,14.0,1.0,2.0,6.0,5.0,6.0,7.0
sample_140,22.0,15.0,13.0,21.0,33.0,14.0,9.0,18.0,20.0,16.0,20.0,15.0,19.0,16.0,20.0,20.0,20.0,27.0,22.0,13.0,20.0,30.0,20.0,33.0,25.0,11.0,14.0,12.0,8.0,13.0,14.0,12.0,9.0,11.0,20.0,27.0,19.0,16.0,8.0,23.0,24.0,21.0,15.0,34.0,28.0,11.0,3.0,5.0,9.0,7.0,11.0,8.0,10.0,14.0,10.0,2.0,11.0,5.0,6.0,9.0
sample_141,0.0,4.0,1.0,3.0,2.0,1.0,3.0,1.0,2.0,4.0,3.0,3.0,4.0,1.0,4.0,3.0,1.0,2.0,2.0,4.0,21.0,22.0,26.0,23.0,11.0,9.0,18.0,22.0,17.0,17.0,28.0,29.0,12.0,20.0,13.0,22.0,17.0,20.0,9.0,16.0,18.0,32.0,19.0,22.0,15.0,5.0,3.0,5.0,3.0,1.0,3.0,6.0,2.0,6.0,5.0,3.0,4.0,3.0,6.0,2.0
sample_142,30.0,29.0,30.0,36.0,27.0,17.0,16.0,22.0,35.0,21.0,27.0,26.0,19.0,26.0,24.0,26.0,23.0,26.0,27.0,23.0,27.0,20.0,33.0,36.0,12.0,3.0,3.0,0.0,1.0,4.0,2.0,3.0,1.0,2.0,0.0,6.0,0.0,1.0,1.0,1.0,6.0,7.0,9.0,8.0,5.0,3.0,7.0,4.0,6.0,6.0,6.0,5.0,3.0,6.0,4.0,4.0,6.0,4.0,7.0,5.0
sample_143,4.0,2.0,2.0,5.0,2.0,6.0,3.0,3.0,3.0,7.0,1.0,3.0,1.0,1.0,1.0,2.0,4.0,6.0,1.0,2.0,3.0,6.0,8.0,6.0,4.0,3.0,9.0,3.0,1.0,7.0,4.0,2.0,7.0,5.0,3.0,4.0,6.0,7.0,5.0,8.0,40.0,34.0,25.0,44.0,27.0,35.0,29.0,36.0,28.0,24.0,37.0,21.0,24.0,35.0,35.0,29.0,41.0,24.0,28.0,22.0
sample_144,3.0,5.0,2.0,0.0,4.0,2.0,0.0,3.0,1.0,2.0,4.0,0.0,3.0,3.0,1.0,2.0,3.0,3.0,5.0,3.0,4.0,9.0,7.0,12.0,5.0,5.0,2.0,3.0,1.0,3.0,1.0,3.0,5.0,5.0,3.0,6.0,1.0,3.0,1.0,3.0,33.0,16.0,17.0,46.0,31.0,27.0,23.0,39.0,27.0,22.0,22.0,26.0,27.0,33.0,38.0,27.0,28.0,21.0,28.0,27.0
sample_145,17.0,9.0,14.0,22.0,21.0,11.0,12.0,16.0,9.0,17.0,18.0,17.0,10.0,16.0,19.0,17.0,14.0,17.0,16.0,10.0,11.0,15.0,21.0,30.0,13.0,4.0,2.0,2.0,0.0,1.0,5.0,1.0,3.0,1.0,3.0,5.0,2.0,3.0,1.0,3.0,5.0,5.0,0.0,7.0,5.0,0.0,2.0,4.0,5.0,0.0,0.0,1.0,2.0,5.0,4.0,4.0,3.0,2.0,3.0,2.0
sample_146,5.0,5.0,7.0,6.0,4.0,0.0,3.0,3.0,2.0,4.0,5.0,0.0,4.0,2.0,5.0,7.0,5.0,2.0,5.0,1.0,4.0,4.0,6.0,9.0,2.0,5.0,2.0,2.0,0.0,3.0,2.0,1.0,2.0,3.0,1.0,5.0,0.0,3.0,4.0,3.0,18.0,13.0,19.0,32.0,15.0,26.0,21.0,15.0,19.0,14.0,18.0,4.0,16.0,13.0,21.0,16.0,28.0,14.0,21.0,18.0
sample_147,5.0,5.0,3.0,5.0,3.0,4.0,5.0,6.0,2.0,3.0,5.0,1.0,2.0,4.0,4.0,1.0,4.0,1.0,6.0,2.0,2.0,4.0,1.0,6.0,6.0,2.0,3.0,1.0,2.0,2.0,4.0,0.0,3.0,4.0,3.0,0.0,2.0,2.0,2.0,1.0,20.0,21.0,33.0,20.0,23.0,30.0,29.0,25.0,38.0,19.0,24.0,16.0,23.0,33.0,23.0,21.0,45.0,30.0,19.0,29.0
sample_148,6.0,4.0,5.0,4.0,3.0,3.0,5.0,2.0,2.0,5.0,2.0,5.0,3.0,4.0,3.0,4.0,5.0,7.0,11.0,4.0,5.0,5.0,12.0,17.0,6.0,11.0,9.0,5.0,5.0,7.0,6.0,11.0,11.0,7.0,10.0,5.0,3.0,11.0,9.0,4.0,30.0,28.0,28.0,32.0,26.0,27.0,19.0,36.0,24.0,12.0,35.0,17.0,22.0,20.0,21.0,27.0,32.0,26.0,22.0,23.0
sample_149,7.0,8.0,7.0,4.0,5.0,8.0,6.0,6.0,4.0,4.0,7.0,6.0,5.0,6.0,6.0,10.0,6.0,10.0,8.0,5.0,21.0,21.0,25.0,43.0,23.0,24.0,33.0,17.0,24.0,23.0,31.0,21.0,18.0,23.0,25.0,28.0,16.0,23.0,24.0,22.0,40.0,25.0,25.0,33.0,21.0,11.0,6.0,6.0,7.0,8.0,11.0,2.0,4.0,10.0,8.0,6.0,7.0,8.0,9.0,6.0
sample_150,20.0,15.0,15.0,20.0,20.0,11.0,11.0,12.0,12.0,18.0,14.0,13.0,15.0,11.0,21.0,17.0,16.0,14.0,20.0,11.0,14.0,19.0,15.0,19.0,16.0,0.0,2.0,0.0,4.0,4.0,2.0,2.0,1.0,3.0,2.0,3.0,3.0,3.0,2.0,5.0,6.0,6.0,10.0,4.0,2.0,3.0,3.0,8.0,5.0,3.0,5.0,1.0,6.0,5.0,3.0,3.0,8.0,2.0,5.0,3.0
sample_151,10.0,11.0,21.0,13.0,25.0,10.0,4.0,12.0,15.0,12.0,16.0,16.0,13.0,18.0,17.0,19.0,21.0,15.0,12.0,7.0,15.0,24.0,26.0,39.0,17.0,10.0,13.0,4.0,11.0,5.0,15.0,7.0,8.0,7.0,14.0,6.0,5.0,8.0,7.0,12.0,23.0,16.0,23.0,29.0,24.0,21.0,12.0,21.0,22.0,14.0,32.0,20.0,20.0,21.0,14.0,20.0,26.0,19.0,28.0,22.0
sample_152,18.0,18.0,18.0,33.0,35.0,8.0,15.0,24.0,19.0,22.0,29.0,19.0,20.0,17.0,22.0,24.0,13.0,40.0,29.0,18.0,20.0,16.0,25.0,29.0,21.0,6.0,5.0,8.0,4.0,5.0,9.0,5.0,5.0,4.0,6.0,6.0,5.0,5.0,2.0,8.0,10.0,11.0,9.0,8.0,8.0,5.0,3.0,5.0,4.0,3.0,6.0,2.0,0.0,5.0,3.0,3.0,6.0,4.0,7.0,7.0
sample_153,26.0,25.0,22.0,29.0,28.0,22.0,19.0,21.0,18.0,33.0,21.0,18.0,19.0,14.0,34.0,20.0,23.0,23.0,28.0,20.0,32.0,17.0,22.0,30.0,13.0,0.0,4.0,6.0,4.0,4.0,3.0,3.0,1.0,2.0,3.0,6.0,2.0,1.0,1.0,5.0,8.0,9.0,9.0,3.0,6.0,9.0,8.0,5.0,5.0,4.0,4.0,1.0,4.0,5.0,6.0,4.0,5.0,6.0,3.0,5.0
sample_154,3.0,5.0,10.0,5.0,3.0,10.0,10.0,3.0,5.0,7.0,4.0,7.0,5.0,6.0,5.0,10.0,9.0,6.0,6.0,3.0,14.0,10.0,14.0,22.0,8.0,7.0,6.0,10.0,7.0,12.0,13.0,10.0,12.0,12.0,11.0,7.0,12.0,10.0,2.0,9.0,33.0,38.0,39.0,43.0,25.0,21.0,33.0,38.0,31.0,25.0,31.0,23.0,27.0,32.0,32.0,23.0,28.0,35.0,36.0,27.0
sample_155,3.0,4.0,8.0,6.0,9.0,6.0,4.0,5.0,8.0,3.0,3.0,5.0,6.0,5.0,3.0,3.0,5.0,10.0,6.0,4.0,24.0,25.0,25.0,37.0,19.0,14.0,27.0,12.0,15.0,26.0,31.0,28.0,21.0,37.0,21.0,25.0,19.0,27.0,21.0,27.0,29.0,36.0,25.0,30.0,22.0,4.0,3.0,7.0,7.0,3.0,5.0,2.0,5.0,4.0,6.0,5.0,3.0,5.0,3.0,2.0
sample_156,3.0,4.0,1.0,3.0,5.0,3.0,4.0,5.0,4.0,1.0,1.0,2.0,3.0,2.0,1.0,3.0,3.0,6.0,4.0,6.0,7.0,4.0,3.0,5.0,5.0,1.0,0.0,2.0,3.0,6.0,3.0,5.0,7.0,1.0,3.0,3.0,0.0,5.0,0.0,4.0,17.0,13.0,20.0,17.0,19.0,7.0,13.0,23.0,15.0,16.0,19.0,19.0,18.0,17.0,15.0,26.0,18.0,11.0,20.0,13.0
sample_157,9.0,0.0,4.0,2.0,3.0,2.0,2.0,2.0,2.0,1.0,4.0,5.0,4.0,6.0,2.0,4.0,4.0,10.0,4.0,3.0,4.0,10.0,10.0,8.0,3.0,3.0,5.0,3.0,6.0,4.0,1.0,4.0,2.0,4.0,1.0,5.0,2.0,5.0,4.0,8.0,35.0,21.0,24.0,37.0,28.0,31.0,21.0,19.0,31.0,8.0,19.0,19.0,21.0,27.0,34.0,20.0,26.0,14.0,27.0,27.0
sample_158,4.0,3.0,7.0,8.0,4.0,1.0,3.0,6.0,4.0,7.0,6.0,9.0,1.0,2.0,3.0,10.0,3.0,3.0,5.0,8.0,18.0,23.0,23.0,20.0,17.0,16.0,17.0,10.0,13.0,22.0,16.0,22.0,19.0,18.0,23.0,15.0,17.0,28.0,13.0,14.0,20.0,17.0,22.0,29.0,20.0,4.0,5.0,1.0,3.0,0.0,3.0,2.0,1.0,1.0,0.0,1.0,1.0,3.0,4.0,1.0
sample_159,14.0,17.0,18.0,20.0,16.0,9.0,9.0,13.0,13.0,14.0,18.0,10.0,7.0,13.0,16.0,15.0,5.0,14.0,15.0,5.0,23.0,35.0,32.0,35.0,16.0,11.0,18.0,13.0,15.0,19.0,27.0,19.0,14.0,20.0,27.0,20.0,18.0,15.0,19.0,19.0,34.0,24.0,30.0,26.0,26.0,4.0,11.0,7.0,9.0,6.0,6.0,5.0,5.0,7.0,4.0,3.0,10.0,2.0,4.0,7.0
sample_160,8.0,5.0,4.0,7.0,4.0,1.0,5.0,4.0,4.0,2.0,2.0,4.0,9.0,2.0,0.0,4.0,6.0,11.0,3.0,6.0,11.0,7.0,10.0,8.0,7.0,4.0,5.0,4.0,4.0,7.0,8.0,5.0,7.0,0.0,5.0,9.0,3.0,5.0,7.0,5.0,21.0,20.0,19.0,30.0,31.0,22.0,18.0,34.0,31.0,18.0,31.0,18.0,22.0,23.0,30.0,24.0,23.0,19.0,29.0,23.0
sample_161,21.0,9.0,22.0,22.0,22.0,12.0,5.0,17.0,17.0,15.0,9.0,17.0,11.0,16.0,10.0,12.0,12.0,17.0,15.0,6.0,14.0,10.0,21.0,32.0,9.0,6.0,4.0,1.0,0.0,1.0,4.0,5.0,6.0,2.0,5.0,7.0,3.0,3.0,8.0,4.0,4.0,5.0,7.0,8.0,7.0,0.0,3.0,1.0,2.0,1.0,4.0,1.0,3.0,1.0,5.0,3.0,6.0,2.0,4.0,3.0
sample_162,26.0,26.0,23.0,28.0,30.0,26.0,16.0,21.0,22.0,23.0,23.0,25.0,20.0,22.0,23.0,23.0,22.0,10.0,21.0,18.0,29.0,34.0,38.0,47.0,33.0,10.0,10.0,16.0,16.0,17.0,30.0,22.0,15.0,20.0,23.0,23.0,11.0,10.0,10.0,25.0,35.0,25.0,25.0,31.0,24.0,5.0,10.0,9.0,3.0,3.0,5.0,7.0,9.0,15.0,6.0,5.0,12.0,6.0,6.0,7.0
sample_163,9.0,1.0,4.0,7.0,6.0,5.0,6.0,6.0,2.0,5.0,6.0,5.0,2.0,7.0,10.0,4.0,8.0,8.0,5.0,6.0,20.0,20.0,29.0,28.0,10.0,4.0,21.0,9.0,8.0,20.0,28.0,29.0,13.0,10.0,16.0,16.0,14.0,19.0,6.0,27.0,45.0,25.0,29.0,36.0,27.0,14.0,12.0,16.0,13.0,8.0,12.0,12.0,9.0,13.0,9.0,12.0,18.0,13.0,12.0,11.0
sample_164,5.0,15.0,19.0,12.0,16.0,7.0,7.0,8.0,9.0,14.0,13.0,16.0,13.0,15.0,9.0,16.0,9.0,17.0,15.0,3.0,11.0,17.0,26.0,32.0,14.0,18.0,18.0,8.0,13.0,11.0,15.0,18.0,9.0,14.0,13.0,18.0,8.0,6.0,6.0,15.0,21.0,29.0,23.0,28.0,29.0,10.0,12.0,21.0,12.0,8.0,11.0,12.0,11.0,14.0,6.0,8.0,15.0,10.0,15.0,13.0
sample_165,2.0,3.0,7.0,8.0,5.0,11.0,3.0,6.0,2.0,3.0,6.0,5.0,6.0,6.0,3.0,4.0,6.0,8.0,6.0,5.0,20.0,26.0,18.0,28.0,24.0,15.0,23.0,23.0,16.0,20.0,31.0,23.0,22.0,18.0,22.0,24.0,12.0,21.0,18.0,22.0,25.0,20.0,18.0,26.0,41.0,4.0,1.0,3.0,4.0,5.0,3.0,3.0,8.0,3.0,3.0,3.0,4.0,1.0,1.0,4.0
sample_166,3.0,5.0,3.0,3.0,1.0,1.0,0.0,3.0,2.0,6.0,2.0,1.0,3.0,2.0,1.0,4.0,4.0,4.0,5.0,3.0,21.0,25.0,27.0,25.0,21.0,13.0,25.0,16.0,15.0,14.0,29.0,34.0,23.0,26.0,37.0,22.0,16.0,27.0,31.0,30.0,31.0,20.0,36.0,28.0,20.0,3.0,0.0,2.0,4.0,1.0,6.0,4.0,3.0,4.0,2.0,2.0,3.0,3.0,4.0,2.0
sample_167,3.0,3.0,4.0,3.0,6.0,1.0,4.0,3.0,4.0,2.0,4.0,4.0,3.0,6.0,2.0,2.0,2.0,4.0,6.0,3.0,11.0,22.0,15.0,38.0,23.0,15.0,12.0,14.0,20.0,20.0,30.0,28.0,22.0,26.0,24.0,16.0,11.0,27.0,14.0,19.0,23.0,16.0,28.0,17.0,17.0,2.0,7.0,1.0,3.0,1.0,2.0,3.0,2.0,3.0,2.0,3.0,3.0,3.0,1.0,2.0
sample_168,8.0,7.0,8.0,11.0,6.0,6.0,3.0,3.0,2.0,7.0,6.0,4.0,6.0,0.0,5.0,3.0,5.0,2.0,5.0,6.0,5.0,3.0,7.0,10.0,3.0,8.0,6.0,4.0,5.0,3.0,9.0,8.0,3.0,3.0,5.0,7.0,3.0,6.0,2.0,3.0,17.0,18.0,14.0,26.0,15.0,20.0,16.0,11.0,16.0,9.0,12.0,16.0,16.0,17.0,13.0,20.0,15.0,9.0,16.0,21.0
sample_169,6.0,8.0,10.0,7.0,9.0,6.0,2.0,5.0,5.0,5.0,9.0,4.0,3.0,2.0,9.0,7.0,7.0,5.0,5.0,4.0,22.0,22.0,27.0,31.0,16.0,15.0,16.0,13.0,14.0,23.0,25.0,14.0,16.0,14.0,27.0,10.0,9.0,15.0,9.0,19.0,26.0,32.0,23.0,32.0,27.0,6.0,8.0,15.0,7.0,6.0,6.0,7.0,20.0,20.0,10.0,5.0,10.0,6.0,15.0,18.0
sample_170,8.0,7.0,9.0,8.0,15.0,11.0,9.0,10.0,9.0,10.0,7.0,11.0,7.0,7.0,14.0,12.0,11.0,9.0,10.0,9.0,20.0,18.0,21.0,30.0,16.0,22.0,10.0,19.0,17.0,18.0,17.0,21.0,17.0,11.0,18.0,15.0,7.0,18.0,12.0,23.0,39.0,38.0,34.0,42.0,41.0,23.0,22.0,33.0,14.0,18.0,29.0,16.0,20.0,22.0,24.0,23.0,34.0,23.0,25.0,17.0
sample_171,7.0,8.0,4.0,7.0,3.0,1.0,0.0,5.0,2.0,3.0,7.0,6.0,4.0,5.0,8.0,5.0,4.0,7.0,2.0,6.0,7.0,6.0,11.0,5.0,4.0,9.0,5.0,8.0,4.0,4.0,4.0,6.0,8.0,6.0,6.0,6.0,8.0,7.0,4.0,9.0,26.0,29.0,26.0,24.0,19.0,13.0,16.0,19.0,12.0,15.0,22.0,15.0,25.0,25.0,23.0,21.0,23.0,26.0,23.0,19.0
sample_172,1.0,1.0,4.0,3.0,2.0,1.0,3.0,4.0,1.0,3.0,4.0,1.0,1.0,1.0,1.0,2.0,2.0,2.0,2.0,3.0,4.0,10.0,5.0,5.0,4.0,0.0,8.0,1.0,1.0,4.0,6.0,4.0,4.0,3.0,3.0,2.0,1.0,2.0,3.0,4.0,19.0,20.0,13.0,21.0,12.0,24.0,7.0,18.0,17.0,16.0,15.0,13.0,11.0,19.0,17.0,16.0,18.0,16.0,15.0,20.0
sample_173,28.0,21.0,20.0,30.0,27.0,12.0,6.0,20.0,21.0,14.0,20.0,16.0,15.0,24.0,9.0,25.0,6.0,17.0,20.0,21.0,17.0,13.0,18.0,18.0,10.0,2.0,10.0,5.0,3.0,8.0,5.0,5.0,1.0,3.0,3.0,5.0,3.0,6.0,5.0,6.0,8.0,2.0,7.0,6.0,3.0,5.0,3.0,3.0,6.0,3.0,3.0,1.0,2.0,5.0,2.0,3.0,3.0,2.0,1.0,1.0
sample_174,4.0,3.0,10.0,1.0,8.0,2.0,6.0,3.0,5.0,6.0,2.0,5.0,1.0,8.0,6.0,8.0,4.0,7.0,8.0,4.0,8.0,7.0,5.0,10.0,12.0,5.0,8.0,3.0,5.0,2.0,4.0,6.0,4.0,7.0,5.0,5.0,6.0,7.0,5.0,7.0,17.0,14.0,20.0,22.0,31.0,14.0,16.0,17.0,15.0,12.0,13.0,15.0,13.0,15.0,14.0,15.0,32.0,8.0,23.0,13.0
sample_175,4.0,6.0,9.0,3.0,5.0,3.0,3.0,1.0,4.0,2.0,9.0,1.0,2.0,7.0,7.0,1.0,6.0,2.0,5.0,7.0,3.0,6.0,9.0,3.0,9.0,0.0,2.0,3.0,4.0,4.0,7.0,3.0,3.0,1.0,7.0,7.0,2.0,1.0,5.0,8.0,34.0,22.0,25.0,26.0,13.0,29.0,22.0,28.0,29.0,16.0,27.0,21.0,26.0,27.0,28.0,33.0,20.0,18.0,27.0,28.0
sample_176,26.0,25.0,14.0,18.0,19.0,21.0,9.0,23.0,25.0,17.0,20.0,16.0,14.0,28.0,27.0,27.0,18.0,23.0,20.0,7.0,16.0,19.0,16.0,29.0,14.0,5.0,3.0,6.0,1.0,5.0,3.0,4.0,3.0,6.0,4.0,6.0,3.0,6.0,4.0,4.0,9.0,7.0,4.0,4.0,12.0,6.0,5.0,5.0,8.0,2.0,3.0,2.0,3.0,12.0,3.0,4.0,3.0,5.0,5.0,7.0
sample_177,5.0,2.0,7.0,3.0,8.0,8.0,3.0,6.0,3.0,6.0,4.0,5.0,1.0,5.0,4.0,9.0,5.0,3.0,3.0,1.0,18.0,20.0,19.0,31.0,16.0,10.0,29.0,10.0,31.0,23.0,23.0,21.0,22.0,40.0,23.0,30.0,19.0,22.0,25.0,30.0,36.0,26.0,30.0,27.0,19.0,5.0,1.0,7.0,0.0,1.0,7.0,3.0,3.0,6.0,3.0,3.0,5.0,0.0,3.0,8.0
sample_178,16.0,24.0,30.0,16.0,21.0,12.0,11.0,18.0,15.0,20.0,17.0,7.0,12.0,14.0,9.0,25.0,9.0,17.0,13.0,13.0,25.0,23.0,21.0,30.0,23.0,7.0,5.0,1.0,3.0,4.0,5.0,7.0,3.0,4.0,6.0,4.0,4.0,5.0,2.0,6.0,12.0,7.0,11.0,5.0,8.0,1.0,2.0,6.0,3.0,2.0,5.0,6.0,3.0,7.0,6.0,2.0,2.0,6.0,5.0,7.0
sample_179,5.0,5.0,5.0,7.0,2.0,2.0,6.0,3.0,1.0,4.0,2.0,8.0,4.0,3.0,5.0,5.0,3.0,11.0,4.0,6.0,16.0,22.0,31.0,36.0,23.0,11.0,23.0,16.0,13.0,24.0,24.0,28.0,17.0,22.0,13.0,26.0,15.0,25.0,22.0,25.0,24.0,23.0,19.0,30.0,28.0,6.0,2.0,4.0,5.0,2.0,7.0,3.0,1.0,4.0,6.0,5.0,6.0,4.0,5.0,1.0
sample_180,36.0,35.0,31.0,28.0,28.0,24.0,16.0,27.0,27.0,30.0,28.0,17.0,20.0,28.0,21.0,33.0,11.0,39.0,30.0,19.0,27.0,19.0,22.0,22.0,12.0,2.0,4.0,2.0,1.0,3.0,3.0,8.0,3.0,1.0,2.0,4.0,0.0,3.0,4.0,5.0,6.0,6.0,7.0,6.0,2.0,5.0,5.0,3.0,3.0,1.0,3.0,1.0,4.0,10.0,3.0,3.0,3.0,3.0,5.0,2.0
